ID,Date,Line Type,Amount,Currency,Payment reference,Description,Processor ID,Payout,Order ID
ad-Z8QMGPDWTFHSD272,2023-07-20 18:06:01,CREDIT,10.58,CAD,Z8QMGPDWTFHSD272,,Z8QMGPDWTFHSD272,2710101971532977,60071
ad-fe-Z8QMGPDWTFHSD272,2023-07-20 18:06:01,FEE,-0.29,CAD,Z8QMGPDWTFHSD272,,fe-Z8QMGPDWTFHSD272,2710101971532977,60071
ad-V257BFN87969BV62,2023-07-20 18:06:49,CREDIT,14.54,CAD,V257BFN87969BV62,,V257BFN87969BV62,2710101971532977,60072
ad-fe-V257BFN87969BV62,2023-07-20 18:06:49,FEE,-0.36,CAD,V257BFN87969BV62,,fe-V257BFN87969BV62,2710101971532977,60072
ad-V8MZ6NZSDX684V62,2023-07-20 18:08:20,CREDIT,10.58,CAD,V8MZ6NZSDX684V62,,V8MZ6NZSDX684V62,2710101971532977,60073
ad-fe-V8MZ6NZSDX684V62,2023-07-20 18:08:20,FEE,-0.1,CAD,V8MZ6NZSDX684V62,,fe-V8MZ6NZSDX684V62,2710101971532977,60073
ad-JGTLQTNPMGGDP672,2023-07-20 18:10:01,CREDIT,14.92,CAD,JGTLQTNPMGGDP672,,JGTLQTNPMGGDP672,2710101971532977,60075
ad-fe-JGTLQTNPMGGDP672,2023-07-20 18:10:01,FEE,-0.1,CAD,JGTLQTNPMGGDP672,,fe-JGTLQTNPMGGDP672,2710101971532977,60075
ad-D7WCH7W3K3PNT872,2023-07-20 18:13:08,CREDIT,10.58,CAD,D7WCH7W3K3PNT872,,D7WCH7W3K3PNT872,2710101971532977,60076
ad-fe-D7WCH7W3K3PNT872,2023-07-20 18:13:08,FEE,-0.29,CAD,D7WCH7W3K3PNT872,,fe-D7WCH7W3K3PNT872,2710101971532977,60076
ad-PP5JDKXZVTWCRMG2,2023-07-20 18:13:58,CREDIT,12.21,CAD,PP5JDKXZVTWCRMG2,,PP5JDKXZVTWCRMG2,2710101971532977,60078
ad-fe-PP5JDKXZVTWCRMG2,2023-07-20 18:13:58,FEE,-0.32,CAD,PP5JDKXZVTWCRMG2,,fe-PP5JDKXZVTWCRMG2,2710101971532977,60078
ad-PZSCNV2X4J8VMM42,2023-07-20 18:20:15,CREDIT,9.25,CAD,PZSCNV2X4J8VMM42,,PZSCNV2X4J8VMM42,2710101971532977,60081
ad-fe-PZSCNV2X4J8VMM42,2023-07-20 18:20:15,FEE,-0.1,CAD,PZSCNV2X4J8VMM42,,fe-PZSCNV2X4J8VMM42,2710101971532977,60081
ad-BQSP8DJZ3LD4K472,2023-07-20 18:27:49,CREDIT,17.19,CAD,BQSP8DJZ3LD4K472,,BQSP8DJZ3LD4K472,2710101971532977,60084
ad-fe-BQSP8DJZ3LD4K472,2023-07-20 18:27:49,FEE,-0.41,CAD,BQSP8DJZ3LD4K472,,fe-BQSP8DJZ3LD4K472,2710101971532977,60084
ad-ZGQCHP4LG8FVMM42,2023-07-20 18:38:15,CREDIT,17.19,CAD,ZGQCHP4LG8FVMM42,,ZGQCHP4LG8FVMM42,2710101971532977,60083
ad-fe-ZGQCHP4LG8FVMM42,2023-07-20 18:38:15,FEE,-0.41,CAD,ZGQCHP4LG8FVMM42,,fe-ZGQCHP4LG8FVMM42,2710101971532977,60083
ad-TM2NQX6JVD33FKG2,2023-07-20 18:41:21,CREDIT,10.58,CAD,TM2NQX6JVD33FKG2,,TM2NQX6JVD33FKG2,2710101971532977,60086
ad-fe-TM2NQX6JVD33FKG2,2023-07-20 18:41:21,FEE,-0.29,CAD,TM2NQX6JVD33FKG2,,fe-TM2NQX6JVD33FKG2,2710101971532977,60086
ad-TCDQSFZZVTWCRMG2,2023-07-20 19:04:02,CREDIT,10.58,CAD,TCDQSFZZVTWCRMG2,,TCDQSFZZVTWCRMG2,2710101971532977,60090
ad-fe-TCDQSFZZVTWCRMG2,2023-07-20 19:04:02,FEE,-0.29,CAD,TCDQSFZZVTWCRMG2,,fe-TCDQSFZZVTWCRMG2,2710101971532977,60090
ad-XLWWM2KZ3LD4K472,2023-07-20 19:05:31,CREDIT,14.95,CAD,XLWWM2KZ3LD4K472,,XLWWM2KZ3LD4K472,2710101971532977,60091
ad-fe-XLWWM2KZ3LD4K472,2023-07-20 19:05:31,FEE,-0.1,CAD,XLWWM2KZ3LD4K472,,fe-XLWWM2KZ3LD4K472,2710101971532977,60091
ad-TZHNR6D8G95CKMG2,2023-07-20 19:05:38,CREDIT,14.54,CAD,TZHNR6D8G95CKMG2,,TZHNR6D8G95CKMG2,2710101971532977,60092
ad-fe-TZHNR6D8G95CKMG2,2023-07-20 19:05:38,FEE,-0.36,CAD,TZHNR6D8G95CKMG2,,fe-TZHNR6D8G95CKMG2,2710101971532977,60092
ad-HJ6JJN42L87PT872,2023-07-20 19:08:19,CREDIT,27.6,CAD,HJ6JJN42L87PT872,,HJ6JJN42L87PT872,2710101971532977,60093
ad-fe-HJ6JJN42L87PT872,2023-07-20 19:08:19,FEE,-0.6,CAD,HJ6JJN42L87PT872,,fe-HJ6JJN42L87PT872,2710101971532977,60093
ad-QD7VFNVF7CJNT872,2023-07-20 19:08:25,CREDIT,21.16,CAD,QD7VFNVF7CJNT872,,QD7VFNVF7CJNT872,2710101971532977,60094
ad-fe-QD7VFNVF7CJNT872,2023-07-20 19:08:25,FEE,-0.1,CAD,QD7VFNVF7CJNT872,,fe-QD7VFNVF7CJNT872,2710101971532977,60094
ad-QRMHJSTF5Z472Q42,2023-07-20 19:09:08,CREDIT,15.3,CAD,QRMHJSTF5Z472Q42,,QRMHJSTF5Z472Q42,2710101971532977,60095
ad-fe-QRMHJSTF5Z472Q42,2023-07-20 19:09:08,FEE,-0.1,CAD,QRMHJSTF5Z472Q42,,fe-QRMHJSTF5Z472Q42,2710101971532977,60095
ad-L49JPTTF5Z472Q42,2023-07-20 19:11:33,CREDIT,17.95,CAD,L49JPTTF5Z472Q42,,L49JPTTF5Z472Q42,2710101971532977,60096
ad-fe-L49JPTTF5Z472Q42,2023-07-20 19:11:33,FEE,-0.1,CAD,L49JPTTF5Z472Q42,,fe-L49JPTTF5Z472Q42,2710101971532977,60096
ad-P65B8LG83BZ6SP42,2023-07-20 19:11:58,CREDIT,9.2,CAD,P65B8LG83BZ6SP42,,P65B8LG83BZ6SP42,2710101971532977,60097
ad-fe-P65B8LG83BZ6SP42,2023-07-20 19:11:58,FEE,-0.27,CAD,P65B8LG83BZ6SP42,,fe-P65B8LG83BZ6SP42,2710101971532977,60097
ad-RN8Q7497BKFJ8X62,2023-07-20 19:13:30,CREDIT,8.05,CAD,RN8Q7497BKFJ8X62,,RN8Q7497BKFJ8X62,2710101971532977,60099
ad-fe-RN8Q7497BKFJ8X62,2023-07-20 19:13:30,FEE,-0.24,CAD,RN8Q7497BKFJ8X62,,fe-RN8Q7497BKFJ8X62,2710101971532977,60099
ad-FZ9P44NLTJZ8BV62,2023-07-20 19:14:06,CREDIT,20.35,CAD,FZ9P44NLTJZ8BV62,,FZ9P44NLTJZ8BV62,2710101971532977,60098
ad-fe-FZ9P44NLTJZ8BV62,2023-07-20 19:14:06,FEE,-0.1,CAD,FZ9P44NLTJZ8BV62,,fe-FZ9P44NLTJZ8BV62,2710101971532977,60098
ad-B2DSCVKMCX5MPK42,2023-07-20 19:17:40,CREDIT,13.8,CAD,B2DSCVKMCX5MPK42,,B2DSCVKMCX5MPK42,2710101971532977,60100
ad-fe-B2DSCVKMCX5MPK42,2023-07-20 19:17:40,FEE,-0.35,CAD,B2DSCVKMCX5MPK42,,fe-B2DSCVKMCX5MPK42,2710101971532977,60100
ad-MBQL6W9JHFWVMM42,2023-07-20 19:18:22,CREDIT,12.21,CAD,MBQL6W9JHFWVMM42,,MBQL6W9JHFWVMM42,2710101971532977,60102
ad-fe-MBQL6W9JHFWVMM42,2023-07-20 19:18:22,FEE,-0.32,CAD,MBQL6W9JHFWVMM42,,fe-MBQL6W9JHFWVMM42,2710101971532977,60102
ad-H262S7BB25H6SP42,2023-07-20 19:19:29,CREDIT,21.16,CAD,H262S7BB25H6SP42,,H262S7BB25H6SP42,2710101971532977,60103
ad-fe-H262S7BB25H6SP42,2023-07-20 19:19:29,FEE,-0.48,CAD,H262S7BB25H6SP42,,fe-H262S7BB25H6SP42,2710101971532977,60103
ad-KPH7H7XCK5RCRMG2,2023-07-20 19:19:49,CREDIT,21.16,CAD,KPH7H7XCK5RCRMG2,,KPH7H7XCK5RCRMG2,2710101971532977,60101
ad-fe-KPH7H7XCK5RCRMG2,2023-07-20 19:19:49,FEE,-0.1,CAD,KPH7H7XCK5RCRMG2,,fe-KPH7H7XCK5RCRMG2,2710101971532977,60101
ad-JRRRXBL4S5GQ4V42,2023-07-20 19:21:12,CREDIT,10.2,CAD,JRRRXBL4S5GQ4V42,,JRRRXBL4S5GQ4V42,2710101971532977,60104
ad-fe-JRRRXBL4S5GQ4V42,2023-07-20 19:21:12,FEE,-0.1,CAD,JRRRXBL4S5GQ4V42,,fe-JRRRXBL4S5GQ4V42,2710101971532977,60104
ad-JFM4S7NLTJZ8BV62,2023-07-20 19:21:40,CREDIT,10.58,CAD,JFM4S7NLTJZ8BV62,,JFM4S7NLTJZ8BV62,2710101971532977,60105
ad-fe-JFM4S7NLTJZ8BV62,2023-07-20 19:21:40,FEE,-0.1,CAD,JFM4S7NLTJZ8BV62,,fe-JFM4S7NLTJZ8BV62,2710101971532977,60105
ad-SNQ6NGJZZ7ZLPK42,2023-07-20 19:22:27,CREDIT,10.58,CAD,SNQ6NGJZZ7ZLPK42,,SNQ6NGJZZ7ZLPK42,2710101971532977,60106
ad-fe-SNQ6NGJZZ7ZLPK42,2023-07-20 19:22:27,FEE,-0.1,CAD,SNQ6NGJZZ7ZLPK42,,fe-SNQ6NGJZZ7ZLPK42,2710101971532977,60106
ad-VD6PWQQCWS7WTM42,2023-07-20 19:22:33,CREDIT,17.19,CAD,VD6PWQQCWS7WTM42,,VD6PWQQCWS7WTM42,2710101971532977,60107
ad-fe-VD6PWQQCWS7WTM42,2023-07-20 19:22:33,FEE,-0.41,CAD,VD6PWQQCWS7WTM42,,fe-VD6PWQQCWS7WTM42,2710101971532977,60107
ad-LHCR6J4HQNC84V62,2023-07-20 19:26:06,CREDIT,13.65,CAD,LHCR6J4HQNC84V62,,LHCR6J4HQNC84V62,2710101971532977,60108
ad-fe-LHCR6J4HQNC84V62,2023-07-20 19:26:06,FEE,-0.35,CAD,LHCR6J4HQNC84V62,,fe-LHCR6J4HQNC84V62,2710101971532977,60108
ad-JWLK4V7KXS8J8X62,2023-07-20 19:29:44,CREDIT,10.58,CAD,JWLK4V7KXS8J8X62,,JWLK4V7KXS8J8X62,2710101971532977,60110
ad-fe-JWLK4V7KXS8J8X62,2023-07-20 19:29:44,FEE,-0.1,CAD,JWLK4V7KXS8J8X62,,fe-JWLK4V7KXS8J8X62,2710101971532977,60110
ad-VHQCWS7JVD33FKG2,2023-07-20 19:30:52,CREDIT,9.25,CAD,VHQCWS7JVD33FKG2,,VHQCWS7JVD33FKG2,2710101971532977,60112
ad-fe-VHQCWS7JVD33FKG2,2023-07-20 19:30:52,FEE,-0.27,CAD,VHQCWS7JVD33FKG2,,fe-VHQCWS7JVD33FKG2,2710101971532977,60112
ad-LCRD4GNLTJZ8BV62,2023-07-20 19:34:34,CREDIT,26.45,CAD,LCRD4GNLTJZ8BV62,,LCRD4GNLTJZ8BV62,2710101971532977,60111
ad-fe-LCRD4GNLTJZ8BV62,2023-07-20 19:34:34,FEE,-0.1,CAD,LCRD4GNLTJZ8BV62,,fe-LCRD4GNLTJZ8BV62,2710101971532977,60111
ad-W2Z9KLL4S5GQ4V42,2023-07-20 19:36:45,CREDIT,13.22,CAD,W2Z9KLL4S5GQ4V42,,W2Z9KLL4S5GQ4V42,2710101971532977,60114
ad-fe-W2Z9KLL4S5GQ4V42,2023-07-20 19:36:45,FEE,-0.1,CAD,W2Z9KLL4S5GQ4V42,,fe-W2Z9KLL4S5GQ4V42,2710101971532977,60114
ad-GHVF6DQPMGGDP672,2023-07-20 19:36:56,CREDIT,21.71,CAD,GHVF6DQPMGGDP672,,GHVF6DQPMGGDP672,2710101971532977,60113
ad-fe-GHVF6DQPMGGDP672,2023-07-20 19:36:56,FEE,-0.1,CAD,GHVF6DQPMGGDP672,,fe-GHVF6DQPMGGDP672,2710101971532977,60113
ad-QWVPRKBB25H6SP42,2023-07-20 19:39:57,CREDIT,9.25,CAD,QWVPRKBB25H6SP42,,QWVPRKBB25H6SP42,2710101971532977,60115
ad-fe-QWVPRKBB25H6SP42,2023-07-20 19:39:57,FEE,-0.27,CAD,QWVPRKBB25H6SP42,,fe-QWVPRKBB25H6SP42,2710101971532977,60115
ad-C2VLRHDGWKK3FKG2,2023-07-20 19:40:37,CREDIT,13.57,CAD,C2VLRHDGWKK3FKG2,,C2VLRHDGWKK3FKG2,2710101971532977,60116
ad-fe-C2VLRHDGWKK3FKG2,2023-07-20 19:40:37,FEE,-0.34,CAD,C2VLRHDGWKK3FKG2,,fe-C2VLRHDGWKK3FKG2,2710101971532977,60116
ad-K55J993TDX684V62,2023-07-20 19:40:43,CREDIT,10.58,CAD,K55J993TDX684V62,,K55J993TDX684V62,2710101971532977,60117
ad-fe-K55J993TDX684V62,2023-07-20 19:40:43,FEE,-0.1,CAD,K55J993TDX684V62,,fe-K55J993TDX684V62,2710101971532977,60117
ad-ZK8Z3LXCK5RCRMG2,2023-07-20 19:41:31,CREDIT,10.58,CAD,ZK8Z3LXCK5RCRMG2,,ZK8Z3LXCK5RCRMG2,2710101971532977,60118
ad-fe-ZK8Z3LXCK5RCRMG2,2023-07-20 19:41:31,FEE,-0.1,CAD,ZK8Z3LXCK5RCRMG2,,fe-ZK8Z3LXCK5RCRMG2,2710101971532977,60118
ad-QD9XRCTBFF3KGX62,2023-07-20 19:41:46,CREDIT,13.22,CAD,QD9XRCTBFF3KGX62,,QD9XRCTBFF3KGX62,2710101971532977,60119
ad-fe-QD9XRCTBFF3KGX62,2023-07-20 19:41:46,FEE,-0.1,CAD,QD9XRCTBFF3KGX62,,fe-QD9XRCTBFF3KGX62,2710101971532977,60119
ad-N8W634Q87969BV62,2023-07-20 19:42:36,CREDIT,11.9,CAD,N8W634Q87969BV62,,N8W634Q87969BV62,2710101971532977,60120
ad-fe-N8W634Q87969BV62,2023-07-20 19:42:36,FEE,-0.31,CAD,N8W634Q87969BV62,,fe-N8W634Q87969BV62,2710101971532977,60120
ad-P8MDRLW7KM6LHK42,2023-07-20 19:46:54,CREDIT,8.05,CAD,P8MDRLW7KM6LHK42,,P8MDRLW7KM6LHK42,2710101971532977,60122
ad-fe-P8MDRLW7KM6LHK42,2023-07-20 19:46:54,FEE,-0.1,CAD,P8MDRLW7KM6LHK42,,fe-P8MDRLW7KM6LHK42,2710101971532977,60122
ad-TWRXKD52L87PT872,2023-07-20 19:49:24,CREDIT,18.51,CAD,TWRXKD52L87PT872,,TWRXKD52L87PT872,2710101971532977,60123
ad-fe-TWRXKD52L87PT872,2023-07-20 19:49:24,FEE,-0.43,CAD,TWRXKD52L87PT872,,fe-TWRXKD52L87PT872,2710101971532977,60123
ad-TMDS5CMMFBK4K472,2023-07-20 19:51:32,CREDIT,21.16,CAD,TMDS5CMMFBK4K472,,TMDS5CMMFBK4K472,2710101971532977,60126
ad-fe-TMDS5CMMFBK4K472,2023-07-20 19:51:32,FEE,-0.48,CAD,TMDS5CMMFBK4K472,,fe-TMDS5CMMFBK4K472,2710101971532977,60126
ad-WBLCQG3TDX684V62,2023-07-20 19:51:54,CREDIT,10.58,CAD,WBLCQG3TDX684V62,,WBLCQG3TDX684V62,2710101971532977,60125
ad-fe-WBLCQG3TDX684V62,2023-07-20 19:51:54,FEE,-0.1,CAD,WBLCQG3TDX684V62,,fe-WBLCQG3TDX684V62,2710101971532977,60125
ad-ZSXDVLVF5Z472Q42,2023-07-20 19:54:56,CREDIT,10.58,CAD,ZSXDVLVF5Z472Q42,,ZSXDVLVF5Z472Q42,2710101971532977,60127
ad-fe-ZSXDVLVF5Z472Q42,2023-07-20 19:54:56,FEE,-0.1,CAD,ZSXDVLVF5Z472Q42,,fe-ZSXDVLVF5Z472Q42,2710101971532977,60127
ad-K23LNTPPK43WTM42,2023-07-20 19:56:56,CREDIT,15.87,CAD,K23LNTPPK43WTM42,,K23LNTPPK43WTM42,2710101971532977,60130
ad-fe-K23LNTPPK43WTM42,2023-07-20 19:56:56,FEE,-0.1,CAD,K23LNTPPK43WTM42,,fe-K23LNTPPK43WTM42,2710101971532977,60130
ad-NGH8F46LG8FVMM42,2023-07-20 19:58:01,CREDIT,9.25,CAD,NGH8F46LG8FVMM42,,NGH8F46LG8FVMM42,2710101971532977,60129
ad-fe-NGH8F46LG8FVMM42,2023-07-20 19:58:01,FEE,-0.27,CAD,NGH8F46LG8FVMM42,,fe-NGH8F46LG8FVMM42,2710101971532977,60129
ad-VLT2WL4X4J8VMM42,2023-07-20 19:59:05,CREDIT,22.08,CAD,VLT2WL4X4J8VMM42,,VLT2WL4X4J8VMM42,2710101971532977,60131
ad-fe-VLT2WL4X4J8VMM42,2023-07-20 19:59:05,FEE,-0.1,CAD,VLT2WL4X4J8VMM42,,fe-VLT2WL4X4J8VMM42,2710101971532977,60131
ad-ZB5KB828D6D4MKG2,2023-07-20 20:06:40,CREDIT,10.58,CAD,ZB5KB828D6D4MKG2,,ZB5KB828D6D4MKG2,2710101971532977,60133
ad-fe-ZB5KB828D6D4MKG2,2023-07-20 20:06:40,FEE,-0.29,CAD,ZB5KB828D6D4MKG2,,fe-ZB5KB828D6D4MKG2,2710101971532977,60133
ad-WX7WQ4LZ3LD4K472,2023-07-20 20:07:12,CREDIT,13.22,CAD,WX7WQ4LZ3LD4K472,,WX7WQ4LZ3LD4K472,2710101971532977,60134
ad-fe-WX7WQ4LZ3LD4K472,2023-07-20 20:07:12,FEE,-0.1,CAD,WX7WQ4LZ3LD4K472,,fe-WX7WQ4LZ3LD4K472,2710101971532977,60134
ad-KBVWPJ8KXS8J8X62,2023-07-20 20:07:53,CREDIT,9.2,CAD,KBVWPJ8KXS8J8X62,,KBVWPJ8KXS8J8X62,2710101971532977,60135
ad-fe-KBVWPJ8KXS8J8X62,2023-07-20 20:07:53,FEE,-0.1,CAD,KBVWPJ8KXS8J8X62,,fe-KBVWPJ8KXS8J8X62,2710101971532977,60135
ad-RHC7RKQ87969BV62,2023-07-20 20:10:42,CREDIT,10.58,CAD,RHC7RKQ87969BV62,,RHC7RKQ87969BV62,2710101971532977,60132
ad-fe-RHC7RKQ87969BV62,2023-07-20 20:10:42,FEE,-0.29,CAD,RHC7RKQ87969BV62,,fe-RHC7RKQ87969BV62,2710101971532977,60132
ad-VQ3SS4QPK43WTM42,2023-07-20 20:11:35,CREDIT,13.8,CAD,VQ3SS4QPK43WTM42,,VQ3SS4QPK43WTM42,2710101971532977,60137
ad-fe-VQ3SS4QPK43WTM42,2023-07-20 20:11:35,FEE,-0.1,CAD,VQ3SS4QPK43WTM42,,fe-VQ3SS4QPK43WTM42,2710101971532977,60137
ad-TK92BBLZ3LD4K472,2023-07-20 20:18:33,CREDIT,13.57,CAD,TK92BBLZ3LD4K472,,TK92BBLZ3LD4K472,2710101971532977,60138
ad-fe-TK92BBLZ3LD4K472,2023-07-20 20:18:33,FEE,-0.1,CAD,TK92BBLZ3LD4K472,,fe-TK92BBLZ3LD4K472,2710101971532977,60138
ad-FX7PLM8V8Q8RBV42,2023-07-20 20:20:15,CREDIT,10.58,CAD,FX7PLM8V8Q8RBV42,,FX7PLM8V8Q8RBV42,2710101971532977,60139
ad-fe-FX7PLM8V8Q8RBV42,2023-07-20 20:20:15,FEE,-0.1,CAD,FX7PLM8V8Q8RBV42,,fe-FX7PLM8V8Q8RBV42,2710101971532977,60139
ad-X3JKFHKZZ7ZLPK42,2023-07-20 20:21:23,CREDIT,8.05,CAD,X3JKFHKZZ7ZLPK42,,X3JKFHKZZ7ZLPK42,2710101971532977,60140
ad-fe-X3JKFHKZZ7ZLPK42,2023-07-20 20:21:23,FEE,-0.1,CAD,X3JKFHKZZ7ZLPK42,,fe-X3JKFHKZZ7ZLPK42,2710101971532977,60140
ad-FQ7VGLX3HP972Q42,2023-07-20 20:22:42,CREDIT,13.22,CAD,FQ7VGLX3HP972Q42,,FQ7VGLX3HP972Q42,2710101971532977,60136
ad-fe-FQ7VGLX3HP972Q42,2023-07-20 20:22:42,FEE,-0.34,CAD,FQ7VGLX3HP972Q42,,fe-FQ7VGLX3HP972Q42,2710101971532977,60136
ad-S9QMH5VBFF3KGX62,2023-07-20 20:26:14,CREDIT,17.19,CAD,S9QMH5VBFF3KGX62,,S9QMH5VBFF3KGX62,2710101971532977,60143
ad-fe-S9QMH5VBFF3KGX62,2023-07-20 20:26:14,FEE,-0.1,CAD,S9QMH5VBFF3KGX62,,fe-S9QMH5VBFF3KGX62,2710101971532977,60143
ad-C8V8T4L6HGMCKMG2,2023-07-20 20:27:29,CREDIT,10.2,CAD,C8V8T4L6HGMCKMG2,,C8V8T4L6HGMCKMG2,2710101971532977,60144
ad-fe-C8V8T4L6HGMCKMG2,2023-07-20 20:27:29,FEE,-0.28,CAD,C8V8T4L6HGMCKMG2,,fe-C8V8T4L6HGMCKMG2,2710101971532977,60144
ad-TBRMLWRCWS7WTM42,2023-07-20 20:29:30,CREDIT,12.42,CAD,TBRMLWRCWS7WTM42,,TBRMLWRCWS7WTM42,2710101971532977,60147
ad-fe-TBRMLWRCWS7WTM42,2023-07-20 20:29:30,FEE,-0.32,CAD,TBRMLWRCWS7WTM42,,fe-TBRMLWRCWS7WTM42,2710101971532977,60147
ad-CXBJBN6LG8FVMM42,2023-07-20 20:30:35,CREDIT,13.22,CAD,CXBJBN6LG8FVMM42,,CXBJBN6LG8FVMM42,2710101971532977,60148
ad-fe-CXBJBN6LG8FVMM42,2023-07-20 20:30:35,FEE,-0.34,CAD,CXBJBN6LG8FVMM42,,fe-CXBJBN6LG8FVMM42,2710101971532977,60148
ad-KD2ZHGX9XZPWTM42,2023-07-20 20:31:08,CREDIT,13.22,CAD,KD2ZHGX9XZPWTM42,,KD2ZHGX9XZPWTM42,2710101971532977,60146
ad-fe-KD2ZHGX9XZPWTM42,2023-07-20 20:31:08,FEE,-0.34,CAD,KD2ZHGX9XZPWTM42,,fe-KD2ZHGX9XZPWTM42,2710101971532977,60146
ad-F9L9X8WF5Z472Q42,2023-07-20 20:31:57,CREDIT,11.9,CAD,F9L9X8WF5Z472Q42,,F9L9X8WF5Z472Q42,2710101971532977,60150
ad-fe-F9L9X8WF5Z472Q42,2023-07-20 20:31:57,FEE,-0.1,CAD,F9L9X8WF5Z472Q42,,fe-F9L9X8WF5Z472Q42,2710101971532977,60150
ad-XGXPMV8V8Q8RBV42,2023-07-20 20:34:40,CREDIT,14.54,CAD,XGXPMV8V8Q8RBV42,,XGXPMV8V8Q8RBV42,2710101971532977,60149
ad-fe-XGXPMV8V8Q8RBV42,2023-07-20 20:34:40,FEE,-0.1,CAD,XGXPMV8V8Q8RBV42,,fe-XGXPMV8V8Q8RBV42,2710101971532977,60149
ad-ZBTKSMM4S5GQ4V42,2023-07-20 20:36:42,CREDIT,14.92,CAD,ZBTKSMM4S5GQ4V42,,ZBTKSMM4S5GQ4V42,2710101971532977,60152
ad-fe-ZBTKSMM4S5GQ4V42,2023-07-20 20:36:42,FEE,-0.1,CAD,ZBTKSMM4S5GQ4V42,,fe-ZBTKSMM4S5GQ4V42,2710101971532977,60152
ad-Z74NTQSMZ8P3MKG2,2023-07-20 20:36:45,CREDIT,14.92,CAD,Z74NTQSMZ8P3MKG2,,Z74NTQSMZ8P3MKG2,2710101971532977,60151
ad-fe-Z74NTQSMZ8P3MKG2,2023-07-20 20:36:45,FEE,-0.1,CAD,Z74NTQSMZ8P3MKG2,,fe-Z74NTQSMZ8P3MKG2,2710101971532977,60151
ad-BLFNN94TDX684V62,2023-07-20 20:38:54,CREDIT,21.71,CAD,BLFNN94TDX684V62,,BLFNN94TDX684V62,2710101971532977,60153
ad-fe-BLFNN94TDX684V62,2023-07-20 20:38:54,FEE,-0.1,CAD,BLFNN94TDX684V62,,fe-BLFNN94TDX684V62,2710101971532977,60153
ad-HCQQ7PM4S5GQ4V42,2023-07-20 20:39:34,CREDIT,10.58,CAD,HCQQ7PM4S5GQ4V42,,HCQQ7PM4S5GQ4V42,2710101971532977,60155
ad-fe-HCQQ7PM4S5GQ4V42,2023-07-20 20:39:34,FEE,-0.1,CAD,HCQQ7PM4S5GQ4V42,,fe-HCQQ7PM4S5GQ4V42,2710101971532977,60155
ad-R6PBHNCB25H6SP42,2023-07-20 20:42:51,CREDIT,9.25,CAD,R6PBHNCB25H6SP42,,R6PBHNCB25H6SP42,2710101971532977,60156
ad-fe-R6PBHNCB25H6SP42,2023-07-20 20:42:51,FEE,-0.27,CAD,R6PBHNCB25H6SP42,,fe-R6PBHNCB25H6SP42,2710101971532977,60156
ad-JWM4TG52JVR72Q42,2023-07-20 20:43:43,CREDIT,43.24,CAD,JWM4TG52JVR72Q42,,JWM4TG52JVR72Q42,2710101971532977,60157
ad-fe-JWM4TG52JVR72Q42,2023-07-20 20:43:43,FEE,-0.88,CAD,JWM4TG52JVR72Q42,,fe-JWM4TG52JVR72Q42,2710101971532977,60157
ad-DTJPXG4TDX684V62,2023-07-20 20:49:44,CREDIT,19.32,CAD,DTJPXG4TDX684V62,,DTJPXG4TDX684V62,2710101971532977,60159
ad-fe-DTJPXG4TDX684V62,2023-07-20 20:49:44,FEE,-0.1,CAD,DTJPXG4TDX684V62,,fe-DTJPXG4TDX684V62,2710101971532977,60159
ad-FDDSCRPLTJZ8BV62,2023-07-20 20:50:55,CREDIT,10.58,CAD,FDDSCRPLTJZ8BV62,,FDDSCRPLTJZ8BV62,2710101971532977,60160
ad-fe-FDDSCRPLTJZ8BV62,2023-07-20 20:50:55,FEE,-0.1,CAD,FDDSCRPLTJZ8BV62,,fe-FDDSCRPLTJZ8BV62,2710101971532977,60160
ad-TZ4SS89JVD33FKG2,2023-07-20 20:52:38,CREDIT,27.14,CAD,TZ4SS89JVD33FKG2,,TZ4SS89JVD33FKG2,2710101971532977,60158
ad-fe-TZ4SS89JVD33FKG2,2023-07-20 20:52:38,FEE,-0.59,CAD,TZ4SS89JVD33FKG2,,fe-TZ4SS89JVD33FKG2,2710101971532977,60158
ad-FXKDWSQPK43WTM42,2023-07-20 20:52:45,CREDIT,10.85,CAD,FXKDWSQPK43WTM42,,FXKDWSQPK43WTM42,2710101971532977,60161
ad-fe-FXKDWSQPK43WTM42,2023-07-20 20:52:45,FEE,-0.1,CAD,FXKDWSQPK43WTM42,,fe-FXKDWSQPK43WTM42,2710101971532977,60161
ad-PH5DBR7VJNV2FKG2,2023-07-20 20:53:42,CREDIT,22.48,CAD,PH5DBR7VJNV2FKG2,,PH5DBR7VJNV2FKG2,2710101971532977,60162
ad-fe-PH5DBR7VJNV2FKG2,2023-07-20 20:53:42,FEE,-0.1,CAD,PH5DBR7VJNV2FKG2,,fe-PH5DBR7VJNV2FKG2,2710101971532977,60162
ad-QWDP6WQPK43WTM42,2023-07-20 20:57:23,CREDIT,11.2,CAD,QWDP6WQPK43WTM42,,QWDP6WQPK43WTM42,2710101971532977,60164
ad-fe-QWDP6WQPK43WTM42,2023-07-20 20:57:23,FEE,-0.1,CAD,QWDP6WQPK43WTM42,,fe-QWDP6WQPK43WTM42,2710101971532977,60164
ad-QVP6NSZ92D5FP672,2023-07-20 20:59:36,CREDIT,10.58,CAD,QVP6NSZ92D5FP672,,QVP6NSZ92D5FP672,2710101971532977,60165
ad-fe-QVP6NSZ92D5FP672,2023-07-20 20:59:36,FEE,-0.29,CAD,QVP6NSZ92D5FP672,,fe-QVP6NSZ92D5FP672,2710101971532977,60165
ad-QGKHWTDL4KXBKMG2,2023-07-20 21:10:58,CREDIT,11.9,CAD,QGKHWTDL4KXBKMG2,,QGKHWTDL4KXBKMG2,2710101971532977,60169
ad-fe-QGKHWTDL4KXBKMG2,2023-07-20 21:10:58,FEE,-0.1,CAD,QGKHWTDL4KXBKMG2,,fe-QGKHWTDL4KXBKMG2,2710101971532977,60169
ad-DM54QMR87969BV62,2023-07-20 21:12:05,CREDIT,13.22,CAD,DM54QMR87969BV62,,DM54QMR87969BV62,2710101971532977,60166
ad-fe-DM54QMR87969BV62,2023-07-20 21:12:05,FEE,-0.34,CAD,DM54QMR87969BV62,,fe-DM54QMR87969BV62,2710101971532977,60166
ad-JL78TVDL4KXBKMG2,2023-07-20 21:12:51,CREDIT,33.05,CAD,JL78TVDL4KXBKMG2,,JL78TVDL4KXBKMG2,2710101971532977,60171
ad-fe-JL78TVDL4KXBKMG2,2023-07-20 21:12:51,FEE,-0.1,CAD,JL78TVDL4KXBKMG2,,fe-JL78TVDL4KXBKMG2,2710101971532977,60171
ad-FB9SXKHGMMWRBV42,2023-07-20 21:13:58,CREDIT,10.2,CAD,FB9SXKHGMMWRBV42,,FB9SXKHGMMWRBV42,2710101971532977,60172
ad-fe-FB9SXKHGMMWRBV42,2023-07-20 21:13:58,FEE,-0.28,CAD,FB9SXKHGMMWRBV42,,fe-FB9SXKHGMMWRBV42,2710101971532977,60172
ad-ZPGX2FTMZ8P3MKG2,2023-07-20 21:14:01,CREDIT,10.58,CAD,ZPGX2FTMZ8P3MKG2,,ZPGX2FTMZ8P3MKG2,2710101971532977,60170
ad-fe-ZPGX2FTMZ8P3MKG2,2023-07-20 21:14:01,FEE,-0.1,CAD,ZPGX2FTMZ8P3MKG2,,fe-ZPGX2FTMZ8P3MKG2,2710101971532977,60170
ad-N8NBH58VJNV2FKG2,2023-07-20 21:14:33,CREDIT,21.71,CAD,N8NBH58VJNV2FKG2,,N8NBH58VJNV2FKG2,2710101971532977,60174
ad-fe-N8NBH58VJNV2FKG2,2023-07-20 21:14:33,FEE,-0.1,CAD,N8NBH58VJNV2FKG2,,fe-N8NBH58VJNV2FKG2,2710101971532977,60174
ad-B4MLP9MZ3LD4K472,2023-07-20 21:14:43,CREDIT,16.45,CAD,B4MLP9MZ3LD4K472,,B4MLP9MZ3LD4K472,2710101971532977,60173
ad-fe-B4MLP9MZ3LD4K472,2023-07-20 21:14:43,FEE,-0.1,CAD,B4MLP9MZ3LD4K472,,fe-B4MLP9MZ3LD4K472,2710101971532977,60173
ad-T6RP9RJ83BZ6SP42,2023-07-20 21:17:03,CREDIT,6.61,CAD,T6RP9RJ83BZ6SP42,,T6RP9RJ83BZ6SP42,2710101971532977,60176
ad-fe-T6RP9RJ83BZ6SP42,2023-07-20 21:17:03,FEE,-0.22,CAD,T6RP9RJ83BZ6SP42,,fe-T6RP9RJ83BZ6SP42,2710101971532977,60176
ad-HCT3BWXF7CJNT872,2023-07-20 21:17:13,CREDIT,6.61,CAD,HCT3BWXF7CJNT872,,HCT3BWXF7CJNT872,2710101971532977,60175
ad-fe-HCT3BWXF7CJNT872,2023-07-20 21:17:13,FEE,-0.1,CAD,HCT3BWXF7CJNT872,,fe-HCT3BWXF7CJNT872,2710101971532977,60175
ad-JRZ8K3XF5Z472Q42,2023-07-20 21:18:16,CREDIT,10.58,CAD,JRZ8K3XF5Z472Q42,,JRZ8K3XF5Z472Q42,2710101971532977,60177
ad-fe-JRZ8K3XF5Z472Q42,2023-07-20 21:18:16,FEE,-0.1,CAD,JRZ8K3XF5Z472Q42,,fe-JRZ8K3XF5Z472Q42,2710101971532977,60177
ad-DJPBFH6HQNC84V62,2023-07-20 21:19:16,CREDIT,14.8,CAD,DJPBFH6HQNC84V62,,DJPBFH6HQNC84V62,2710101971532977,60178
ad-fe-DJPBFH6HQNC84V62,2023-07-20 21:19:16,FEE,-0.37,CAD,DJPBFH6HQNC84V62,,fe-DJPBFH6HQNC84V62,2710101971532977,60178
ad-SSKN55XF5Z472Q42,2023-07-20 21:21:31,CREDIT,14.54,CAD,SSKN55XF5Z472Q42,,SSKN55XF5Z472Q42,2710101971532977,60180
ad-fe-SSKN55XF5Z472Q42,2023-07-20 21:21:31,FEE,-0.1,CAD,SSKN55XF5Z472Q42,,fe-SSKN55XF5Z472Q42,2710101971532977,60180
ad-R9JTP9Z7KM6LHK42,2023-07-20 21:23:05,CREDIT,10.35,CAD,R9JTP9Z7KM6LHK42,,R9JTP9Z7KM6LHK42,2710101971532977,60181
ad-fe-R9JTP9Z7KM6LHK42,2023-07-20 21:23:05,FEE,-0.1,CAD,R9JTP9Z7KM6LHK42,,fe-R9JTP9Z7KM6LHK42,2710101971532977,60181
ad-KDG5C86X4J8VMM42,2023-07-20 21:32:10,CREDIT,10.85,CAD,KDG5C86X4J8VMM42,,KDG5C86X4J8VMM42,2710101971532977,60179
ad-fe-KDG5C86X4J8VMM42,2023-07-20 21:32:10,FEE,-0.1,CAD,KDG5C86X4J8VMM42,,fe-KDG5C86X4J8VMM42,2710101971532977,60179
ad-XGTCJJ8XW2GDRMG2,2023-07-20 21:32:46,CREDIT,10.85,CAD,XGTCJJ8XW2GDRMG2,,XGTCJJ8XW2GDRMG2,2710101971532977,60183
ad-fe-XGTCJJ8XW2GDRMG2,2023-07-20 21:32:46,FEE,-0.3,CAD,XGTCJJ8XW2GDRMG2,,fe-XGTCJJ8XW2GDRMG2,2710101971532977,60183
ad-QGHJLR7LG8FVMM42,2023-07-20 21:34:41,CREDIT,9.25,CAD,QGHJLR7LG8FVMM42,,QGHJLR7LG8FVMM42,2710101971532977,60184
ad-fe-QGHJLR7LG8FVMM42,2023-07-20 21:34:41,FEE,-0.27,CAD,QGHJLR7LG8FVMM42,,fe-QGHJLR7LG8FVMM42,2710101971532977,60184
ad-HCQ6WR7LG8FVMM42,2023-07-20 21:35:19,CREDIT,19.55,CAD,HCQ6WR7LG8FVMM42,,HCQ6WR7LG8FVMM42,2710101971532977,60186
ad-fe-HCQ6WR7LG8FVMM42,2023-07-20 21:35:19,FEE,-0.45,CAD,HCQ6WR7LG8FVMM42,,fe-HCQ6WR7LG8FVMM42,2710101971532977,60186
ad-DV2LGSG8G95CKMG2,2023-07-20 21:36:35,CREDIT,38.62,CAD,DV2LGSG8G95CKMG2,,DV2LGSG8G95CKMG2,2710101971532977,60187
ad-fe-DV2LGSG8G95CKMG2,2023-07-20 21:36:35,FEE,-0.8,CAD,DV2LGSG8G95CKMG2,,fe-DV2LGSG8G95CKMG2,2710101971532977,60187
ad-SC8P5BZF7CJNT872,2023-07-20 21:39:26,CREDIT,10.58,CAD,SC8P5BZF7CJNT872,,SC8P5BZF7CJNT872,2710101971532977,60188
ad-fe-SC8P5BZF7CJNT872,2023-07-20 21:39:26,FEE,-0.1,CAD,SC8P5BZF7CJNT872,,fe-SC8P5BZF7CJNT872,2710101971532977,60188
ad-ZFRFSHWBFF3KGX62,2023-07-20 21:44:44,CREDIT,11.9,CAD,ZFRFSHWBFF3KGX62,,ZFRFSHWBFF3KGX62,2710101971532977,60189
ad-fe-ZFRFSHWBFF3KGX62,2023-07-20 21:44:44,FEE,-0.1,CAD,ZFRFSHWBFF3KGX62,,fe-ZFRFSHWBFF3KGX62,2710101971532977,60189
ad-R34BLJWBFF3KGX62,2023-07-20 21:46:20,CREDIT,10.85,CAD,R34BLJWBFF3KGX62,,R34BLJWBFF3KGX62,2710101971532977,60191
ad-fe-R34BLJWBFF3KGX62,2023-07-20 21:46:20,FEE,-0.1,CAD,R34BLJWBFF3KGX62,,fe-R34BLJWBFF3KGX62,2710101971532977,60191
ad-HHJJGZDB25H6SP42,2023-07-20 21:58:36,CREDIT,9.25,CAD,HHJJGZDB25H6SP42,,HHJJGZDB25H6SP42,2710101971532977,60193
ad-fe-HHJJGZDB25H6SP42,2023-07-20 21:58:36,FEE,-0.27,CAD,HHJJGZDB25H6SP42,,fe-HHJJGZDB25H6SP42,2710101971532977,60193
ad-N7THCZC7BKFJ8X62,2023-07-20 21:59:44,CREDIT,18.2,CAD,N7THCZC7BKFJ8X62,,N7THCZC7BKFJ8X62,2710101971532977,60192
ad-fe-N7THCZC7BKFJ8X62,2023-07-20 21:59:44,FEE,-0.43,CAD,N7THCZC7BKFJ8X62,,fe-N7THCZC7BKFJ8X62,2710101971532977,60192
ad-PFZ3MRSC2D5FP672,2023-07-22 21:43:14,CREDIT,22.08,CAD,PFZ3MRSC2D5FP672,,PFZ3MRSC2D5FP672,2710101971532977,60201
ad-fe-PFZ3MRSC2D5FP672,2023-07-22 21:43:14,FEE,-0.5,CAD,PFZ3MRSC2D5FP672,,fe-PFZ3MRSC2D5FP672,2710101971532977,60201
ad-G5DGSV4LVD33FKG2,2023-07-22 22:15:15,CREDIT,10.58,CAD,G5DGSV4LVD33FKG2,,G5DGSV4LVD33FKG2,2710101971532977,60202
ad-fe-G5DGSV4LVD33FKG2,2023-07-22 22:15:15,FEE,-0.29,CAD,G5DGSV4LVD33FKG2,,fe-G5DGSV4LVD33FKG2,2710101971532977,60202
ad-GP4ZG26QNDB6SP42,2023-07-22 22:17:50,CREDIT,12.21,CAD,GP4ZG26QNDB6SP42,,GP4ZG26QNDB6SP42,2710101971532977,60204
ad-fe-GP4ZG26QNDB6SP42,2023-07-22 22:17:50,FEE,-0.1,CAD,GP4ZG26QNDB6SP42,,fe-GP4ZG26QNDB6SP42,2710101971532977,60204
ad-HDJGFG3XJNV2FKG2,2023-07-22 22:18:37,CREDIT,10.58,CAD,HDJGFG3XJNV2FKG2,,HDJGFG3XJNV2FKG2,2710101971532977,60205
ad-fe-HDJGFG3XJNV2FKG2,2023-07-22 22:18:37,FEE,-0.1,CAD,HDJGFG3XJNV2FKG2,,fe-HDJGFG3XJNV2FKG2,2710101971532977,60205
ad-VQPS7DQDFF3KGX62,2023-07-22 22:23:08,CREDIT,10.58,CAD,VQPS7DQDFF3KGX62,,VQPS7DQDFF3KGX62,2710101971532977,60206
ad-fe-VQPS7DQDFF3KGX62,2023-07-22 22:23:08,FEE,-0.1,CAD,VQPS7DQDFF3KGX62,,fe-VQPS7DQDFF3KGX62,2710101971532977,60206
ad-GDJJFDZZ4J8VMM42,2023-07-22 22:26:18,CREDIT,24.42,CAD,GDJJFDZZ4J8VMM42,,GDJJFDZZ4J8VMM42,2710101971532977,60208
ad-fe-GDJJFDZZ4J8VMM42,2023-07-22 22:26:18,FEE,-0.1,CAD,GDJJFDZZ4J8VMM42,,fe-GDJJFDZZ4J8VMM42,2710101971532977,60208
ad-NJ7NX9DB3BZ6SP42,2023-07-22 22:32:53,CREDIT,16.28,CAD,NJ7NX9DB3BZ6SP42,,NJ7NX9DB3BZ6SP42,2710101971532977,60209
ad-fe-NJ7NX9DB3BZ6SP42,2023-07-22 22:32:53,FEE,-0.39,CAD,NJ7NX9DB3BZ6SP42,,fe-NJ7NX9DB3BZ6SP42,2710101971532977,60209
ad-L88NV85LVD33FKG2,2023-07-22 22:35:54,CREDIT,12.21,CAD,L88NV85LVD33FKG2,,L88NV85LVD33FKG2,2710101971532977,60211
ad-fe-L88NV85LVD33FKG2,2023-07-22 22:35:54,FEE,-0.32,CAD,L88NV85LVD33FKG2,,fe-L88NV85LVD33FKG2,2710101971532977,60211
ad-B8G4LTLRK43WTM42,2023-07-22 22:37:15,CREDIT,26.45,CAD,B8G4LTLRK43WTM42,,B8G4LTLRK43WTM42,2710101971532977,60213
ad-fe-B8G4LTLRK43WTM42,2023-07-22 22:37:15,FEE,-0.1,CAD,B8G4LTLRK43WTM42,,fe-B8G4LTLRK43WTM42,2710101971532977,60213
ad-W37MBQTC2D5FP672,2023-07-22 22:37:56,CREDIT,13.57,CAD,W37MBQTC2D5FP672,,W37MBQTC2D5FP672,2710101971532977,60212
ad-fe-W37MBQTC2D5FP672,2023-07-22 22:37:56,FEE,-0.34,CAD,W37MBQTC2D5FP672,,fe-W37MBQTC2D5FP672,2710101971532977,60212
ad-H43DLQTC2D5FP672,2023-07-22 22:38:30,CREDIT,22.08,CAD,H43DLQTC2D5FP672,,H43DLQTC2D5FP672,2710101971532977,60214
ad-fe-H43DLQTC2D5FP672,2023-07-22 22:38:30,FEE,-0.5,CAD,H43DLQTC2D5FP672,,fe-H43DLQTC2D5FP672,2710101971532977,60214
ad-WV37ZSS9KM6LHK42,2023-07-22 22:40:07,CREDIT,27.76,CAD,WV37ZSS9KM6LHK42,,WV37ZSS9KM6LHK42,2710101971532977,60215
ad-fe-WV37ZSS9KM6LHK42,2023-07-22 22:40:07,FEE,-0.1,CAD,WV37ZSS9KM6LHK42,,fe-WV37ZSS9KM6LHK42,2710101971532977,60215
ad-RFJFZRZZ4J8VMM42,2023-07-22 22:50:00,CREDIT,19.32,CAD,RFJFZRZZ4J8VMM42,,RFJFZRZZ4J8VMM42,2710101971532977,60219
ad-fe-RFJFZRZZ4J8VMM42,2023-07-22 22:50:00,FEE,-0.1,CAD,RFJFZRZZ4J8VMM42,,fe-RFJFZRZZ4J8VMM42,2710101971532977,60219
ad-Q66KNBBBG95CKMG2,2023-07-22 22:51:28,CREDIT,59.32,CAD,Q66KNBBBG95CKMG2,,Q66KNBBBG95CKMG2,2710101971532977,60218
ad-fe-Q66KNBBBG95CKMG2,2023-07-22 22:51:28,FEE,-1.17,CAD,Q66KNBBBG95CKMG2,,fe-Q66KNBBBG95CKMG2,2710101971532977,60218
ad-N3MRHWZ3JVR72Q42,2023-07-22 22:52:48,CREDIT,17.94,CAD,N3MRHWZ3JVR72Q42,,N3MRHWZ3JVR72Q42,2710101971532977,60220
ad-fe-N3MRHWZ3JVR72Q42,2023-07-22 22:52:48,FEE,-0.42,CAD,N3MRHWZ3JVR72Q42,,fe-N3MRHWZ3JVR72Q42,2710101971532977,60220
ad-P2BSST8N4KXBKMG2,2023-07-22 22:53:54,CREDIT,16.28,CAD,P2BSST8N4KXBKMG2,,P2BSST8N4KXBKMG2,2710101971532977,60224
ad-fe-P2BSST8N4KXBKMG2,2023-07-22 22:53:54,FEE,-0.1,CAD,P2BSST8N4KXBKMG2,,fe-P2BSST8N4KXBKMG2,2710101971532977,60224
ad-XL62H8H34LD4K472,2023-07-22 22:55:19,CREDIT,11.9,CAD,XL62H8H34LD4K472,,XL62H8H34LD4K472,2710101971532977,60225
ad-fe-XL62H8H34LD4K472,2023-07-22 22:55:19,FEE,-0.1,CAD,XL62H8H34LD4K472,,fe-XL62H8H34LD4K472,2710101971532977,60225
ad-GFB7XGS2R58KGX62,2023-07-22 22:57:20,CREDIT,11.9,CAD,GFB7XGS2R58KGX62,,GFB7XGS2R58KGX62,2710101971532977,60226
ad-fe-GFB7XGS2R58KGX62,2023-07-22 22:57:20,FEE,-0.31,CAD,GFB7XGS2R58KGX62,,fe-GFB7XGS2R58KGX62,2710101971532977,60226
ad-BNFVC779BKFJ8X62,2023-07-22 22:57:49,CREDIT,10.58,CAD,BNFVC779BKFJ8X62,,BNFVC779BKFJ8X62,2710101971532977,60222
ad-fe-BNFVC779BKFJ8X62,2023-07-22 22:57:49,FEE,-0.29,CAD,BNFVC779BKFJ8X62,,fe-BNFVC779BKFJ8X62,2710101971532977,60222
ad-LBTJ7BH34LD4K472,2023-07-22 22:58:52,CREDIT,10.58,CAD,LBTJ7BH34LD4K472,,LBTJ7BH34LD4K472,2710101971532977,60227
ad-fe-LBTJ7BH34LD4K472,2023-07-22 22:58:52,FEE,-0.1,CAD,LBTJ7BH34LD4K472,,fe-LBTJ7BH34LD4K472,2710101971532977,60227
ad-NF8H29VFK5RCRMG2,2023-07-22 23:00:50,CREDIT,10.58,CAD,NF8H29VFK5RCRMG2,,NF8H29VFK5RCRMG2,2710101971532977,60229
ad-fe-NF8H29VFK5RCRMG2,2023-07-22 23:00:50,FEE,-0.1,CAD,NF8H29VFK5RCRMG2,,fe-NF8H29VFK5RCRMG2,2710101971532977,60229
ad-WJC4H28LHFWVMM42,2023-07-22 23:03:00,CREDIT,22.08,CAD,WJC4H28LHFWVMM42,,WJC4H28LHFWVMM42,2710101971532977,60228
ad-fe-WJC4H28LHFWVMM42,2023-07-22 23:03:00,FEE,-0.5,CAD,WJC4H28LHFWVMM42,,fe-WJC4H28LHFWVMM42,2710101971532977,60228
ad-ZSMGHVNFWS7WTM42,2023-07-22 23:07:43,CREDIT,21.71,CAD,ZSMGHVNFWS7WTM42,,ZSMGHVNFWS7WTM42,2710101971532977,60232
ad-fe-ZSMGHVNFWS7WTM42,2023-07-22 23:07:43,FEE,-0.49,CAD,ZSMGHVNFWS7WTM42,,fe-ZSMGHVNFWS7WTM42,2710101971532977,60232
ad-GK934JJ6S5GQ4V42,2023-07-22 23:09:33,CREDIT,37.01,CAD,GK934JJ6S5GQ4V42,,GK934JJ6S5GQ4V42,2710101971532977,60235
ad-fe-GK934JJ6S5GQ4V42,2023-07-22 23:09:33,FEE,-0.1,CAD,GK934JJ6S5GQ4V42,,fe-GK934JJ6S5GQ4V42,2710101971532977,60235
ad-FTX66LV5K3PNT872,2023-07-22 23:10:14,CREDIT,18.51,CAD,FTX66LV5K3PNT872,,FTX66LV5K3PNT872,2710101971532977,60236
ad-fe-FTX66LV5K3PNT872,2023-07-22 23:10:14,FEE,-0.43,CAD,FTX66LV5K3PNT872,,fe-FTX66LV5K3PNT872,2710101971532977,60236
ad-SR2VPNG328ZLPK42,2023-07-22 23:12:44,CREDIT,10.58,CAD,SR2VPNG328ZLPK42,,SR2VPNG328ZLPK42,2710101971532977,60237
ad-fe-SR2VPNG328ZLPK42,2023-07-22 23:12:44,FEE,-0.1,CAD,SR2VPNG328ZLPK42,,fe-SR2VPNG328ZLPK42,2710101971532977,60237
ad-Z6NXP534L87PT872,2023-07-22 23:13:13,CREDIT,13.57,CAD,Z6NXP534L87PT872,,Z6NXP534L87PT872,2710101971532977,60238
ad-fe-Z6NXP534L87PT872,2023-07-22 23:13:13,FEE,-0.34,CAD,Z6NXP534L87PT872,,fe-Z6NXP534L87PT872,2710101971532977,60238
ad-M5DFTT5X8Q8RBV42,2023-07-22 23:13:32,CREDIT,15.87,CAD,M5DFTT5X8Q8RBV42,,M5DFTT5X8Q8RBV42,2710101971532977,60239
ad-fe-M5DFTT5X8Q8RBV42,2023-07-22 23:13:32,FEE,-0.1,CAD,M5DFTT5X8Q8RBV42,,fe-M5DFTT5X8Q8RBV42,2710101971532977,60239
ad-HGQD7RS2R58KGX62,2023-07-22 23:14:15,CREDIT,6.78,CAD,HGQD7RS2R58KGX62,,HGQD7RS2R58KGX62,2710101971532977,60240
ad-fe-HGQD7RS2R58KGX62,2023-07-22 23:14:15,FEE,-0.22,CAD,HGQD7RS2R58KGX62,,fe-HGQD7RS2R58KGX62,2710101971532977,60240
ad-HD5D7WCJMMWRBV42,2023-07-22 23:16:01,CREDIT,9.66,CAD,HD5D7WCJMMWRBV42,,HD5D7WCJMMWRBV42,2710101971532977,60241
ad-fe-HD5D7WCJMMWRBV42,2023-07-22 23:16:01,FEE,-0.27,CAD,HD5D7WCJMMWRBV42,,fe-HD5D7WCJMMWRBV42,2710101971532977,60241
ad-ZHB75KMRK43WTM42,2023-07-22 23:17:17,CREDIT,10.58,CAD,ZHB75KMRK43WTM42,,ZHB75KMRK43WTM42,2710101971532977,60246
ad-fe-ZHB75KMRK43WTM42,2023-07-22 23:17:17,FEE,-0.1,CAD,ZHB75KMRK43WTM42,,fe-ZHB75KMRK43WTM42,2710101971532977,60246
ad-DVWZWFVC2D5FP672,2023-07-22 23:18:08,CREDIT,16.56,CAD,DVWZWFVC2D5FP672,,DVWZWFVC2D5FP672,2710101971532977,60245
ad-fe-DVWZWFVC2D5FP672,2023-07-22 23:18:08,FEE,-0.4,CAD,DVWZWFVC2D5FP672,,fe-DVWZWFVC2D5FP672,2710101971532977,60245
ad-PNSFPH4XJNV2FKG2,2023-07-22 23:18:37,CREDIT,10.58,CAD,PNSFPH4XJNV2FKG2,,PNSFPH4XJNV2FKG2,2710101971532977,60247
ad-fe-PNSFPH4XJNV2FKG2,2023-07-22 23:18:37,FEE,-0.1,CAD,PNSFPH4XJNV2FKG2,,fe-PNSFPH4XJNV2FKG2,2710101971532977,60247
ad-GG9HX3D7CQWJ8X62,2023-07-22 23:19:18,CREDIT,10.58,CAD,GG9HX3D7CQWJ8X62,,GG9HX3D7CQWJ8X62,2710101971532977,60249
ad-fe-GG9HX3D7CQWJ8X62,2023-07-22 23:19:18,FEE,-0.29,CAD,GG9HX3D7CQWJ8X62,,fe-GG9HX3D7CQWJ8X62,2710101971532977,60249
ad-SKVS5JT9KM6LHK42,2023-07-22 23:19:23,CREDIT,10.58,CAD,SKVS5JT9KM6LHK42,,SKVS5JT9KM6LHK42,2710101971532977,60248
ad-fe-SKVS5JT9KM6LHK42,2023-07-22 23:19:23,FEE,-0.1,CAD,SKVS5JT9KM6LHK42,,fe-SKVS5JT9KM6LHK42,2710101971532977,60248
ad-JFRXZDDZTFHSD272,2023-07-22 23:21:18,CREDIT,46.12,CAD,JFRXZDDZTFHSD272,,JFRXZDDZTFHSD272,2710101971532977,60251
ad-fe-JFRXZDDZTFHSD272,2023-07-22 23:21:18,FEE,-0.93,CAD,JFRXZDDZTFHSD272,,fe-JFRXZDDZTFHSD272,2710101971532977,60251
ad-T8RRG26X8Q8RBV42,2023-07-22 23:23:00,CREDIT,28.48,CAD,T8RRG26X8Q8RBV42,,T8RRG26X8Q8RBV42,2710101971532977,60250
ad-fe-T8RRG26X8Q8RBV42,2023-07-22 23:23:00,FEE,-0.1,CAD,T8RRG26X8Q8RBV42,,fe-T8RRG26X8Q8RBV42,2710101971532977,60250
ad-R2MBSNLNTJZ8BV62,2023-07-22 23:26:11,CREDIT,11.04,CAD,R2MBSNLNTJZ8BV62,,R2MBSNLNTJZ8BV62,2710101971532977,60253
ad-fe-R2MBSNLNTJZ8BV62,2023-07-22 23:26:11,FEE,-0.1,CAD,R2MBSNLNTJZ8BV62,,fe-R2MBSNLNTJZ8BV62,2710101971532977,60253
ad-ZFR2LXNMD5NMPK42,2023-07-22 23:28:33,CREDIT,28.48,CAD,ZFR2LXNMD5NMPK42,,ZFR2LXNMD5NMPK42,2710101971532977,60256
ad-fe-ZFR2LXNMD5NMPK42,2023-07-22 23:28:33,FEE,-0.61,CAD,ZFR2LXNMD5NMPK42,,fe-ZFR2LXNMD5NMPK42,2710101971532977,60256
ad-G84RP4CCJPBSD272,2023-07-22 23:33:04,CREDIT,13.8,CAD,G84RP4CCJPBSD272,,G84RP4CCJPBSD272,2710101971532977,60259
ad-fe-G84RP4CCJPBSD272,2023-07-22 23:33:04,FEE,-0.1,CAD,G84RP4CCJPBSD272,,fe-G84RP4CCJPBSD272,2710101971532977,60259
ad-Z3VMKPVC2D5FP672,2023-07-22 23:33:46,CREDIT,13.57,CAD,Z3VMKPVC2D5FP672,,Z3VMKPVC2D5FP672,2710101971532977,60260
ad-fe-Z3VMKPVC2D5FP672,2023-07-22 23:33:46,FEE,-0.34,CAD,Z3VMKPVC2D5FP672,,fe-Z3VMKPVC2D5FP672,2710101971532977,60260
ad-VZNGQSS88GN9BV62,2023-07-22 23:33:57,CREDIT,13.57,CAD,VZNGQSS88GN9BV62,,VZNGQSS88GN9BV62,2710101971532977,60258
ad-fe-VZNGQSS88GN9BV62,2023-07-22 23:33:57,FEE,-0.34,CAD,VZNGQSS88GN9BV62,,fe-VZNGQSS88GN9BV62,2710101971532977,60258
ad-DX3QFRBJWKK3FKG2,2023-07-22 23:34:09,CREDIT,32.55,CAD,DX3QFRBJWKK3FKG2,,DX3QFRBJWKK3FKG2,2710101971532977,60261
ad-fe-DX3QFRBJWKK3FKG2,2023-07-22 23:34:09,FEE,-0.69,CAD,DX3QFRBJWKK3FKG2,,fe-DX3QFRBJWKK3FKG2,2710101971532977,60261
ad-BZNPZ9WWVCCLHK42,2023-07-22 23:35:24,CREDIT,18.51,CAD,BZNPZ9WWVCCLHK42,,BZNPZ9WWVCCLHK42,2710101971532977,60263
ad-fe-BZNPZ9WWVCCLHK42,2023-07-22 23:35:24,FEE,-0.43,CAD,BZNPZ9WWVCCLHK42,,fe-BZNPZ9WWVCCLHK42,2710101971532977,60263
ad-GP4LNL8LHFWVMM42,2023-07-22 23:36:11,CREDIT,9.66,CAD,GP4LNL8LHFWVMM42,,GP4LNL8LHFWVMM42,2710101971532977,60265
ad-fe-GP4LNL8LHFWVMM42,2023-07-22 23:36:11,FEE,-0.27,CAD,GP4LNL8LHFWVMM42,,fe-GP4LNL8LHFWVMM42,2710101971532977,60265
ad-XPL9KV4XJNV2FKG2,2023-07-22 23:40:51,CREDIT,11.9,CAD,XPL9KV4XJNV2FKG2,,XPL9KV4XJNV2FKG2,2710101971532977,60267
ad-fe-XPL9KV4XJNV2FKG2,2023-07-22 23:40:51,FEE,-0.1,CAD,XPL9KV4XJNV2FKG2,,fe-XPL9KV4XJNV2FKG2,2710101971532977,60267
ad-QTCJWV4XJNV2FKG2,2023-07-22 23:41:36,CREDIT,22.08,CAD,QTCJWV4XJNV2FKG2,,QTCJWV4XJNV2FKG2,2710101971532977,60269
ad-fe-QTCJWV4XJNV2FKG2,2023-07-22 23:41:36,FEE,-0.1,CAD,QTCJWV4XJNV2FKG2,,fe-QTCJWV4XJNV2FKG2,2710101971532977,60269
ad-RW846FWWVCCLHK42,2023-07-22 23:41:52,CREDIT,9.49,CAD,RW846FWWVCCLHK42,,RW846FWWVCCLHK42,2710101971532977,60268
ad-fe-RW846FWWVCCLHK42,2023-07-22 23:41:52,FEE,-0.27,CAD,RW846FWWVCCLHK42,,fe-RW846FWWVCCLHK42,2710101971532977,60268
ad-WB65TZVFK5RCRMG2,2023-07-22 23:43:28,CREDIT,15.87,CAD,WB65TZVFK5RCRMG2,,WB65TZVFK5RCRMG2,2710101971532977,60271
ad-fe-WB65TZVFK5RCRMG2,2023-07-22 23:43:28,FEE,-0.1,CAD,WB65TZVFK5RCRMG2,,fe-WB65TZVFK5RCRMG2,2710101971532977,60271
ad-KV444PTH7CJNT872,2023-07-22 23:44:59,CREDIT,16.56,CAD,KV444PTH7CJNT872,,KV444PTH7CJNT872,2710101971532977,60272
ad-fe-KV444PTH7CJNT872,2023-07-22 23:44:59,FEE,-0.1,CAD,KV444PTH7CJNT872,,fe-KV444PTH7CJNT872,2710101971532977,60272
ad-PMDQGFQFZ6MDP672,2023-07-22 23:46:04,CREDIT,13.22,CAD,PMDQGFQFZ6MDP672,,PMDQGFQFZ6MDP672,2710101971532977,60274
ad-fe-PMDQGFQFZ6MDP672,2023-07-22 23:46:04,FEE,-0.34,CAD,PMDQGFQFZ6MDP672,,fe-PMDQGFQFZ6MDP672,2710101971532977,60274
ad-ZFTPRS225J8VMM42,2023-07-22 23:49:00,CREDIT,31.19,CAD,ZFTPRS225J8VMM42,,ZFTPRS225J8VMM42,2710101971532977,60275
ad-fe-ZFTPRS225J8VMM42,2023-07-22 23:49:00,FEE,-0.1,CAD,ZFTPRS225J8VMM42,,fe-ZFTPRS225J8VMM42,2710101971532977,60275
ad-VT7PMHDJMMWRBV42,2023-07-22 23:49:42,CREDIT,21.71,CAD,VT7PMHDJMMWRBV42,,VT7PMHDJMMWRBV42,2710101971532977,60279
ad-fe-VT7PMHDJMMWRBV42,2023-07-22 23:49:42,FEE,-0.49,CAD,VT7PMHDJMMWRBV42,,fe-VT7PMHDJMMWRBV42,2710101971532977,60279
ad-RXB5LWSH5Z472Q42,2023-07-22 23:50:38,CREDIT,9.2,CAD,RXB5LWSH5Z472Q42,,RXB5LWSH5Z472Q42,2710101971532977,60280
ad-fe-RXB5LWSH5Z472Q42,2023-07-22 23:50:38,FEE,-0.1,CAD,RXB5LWSH5Z472Q42,,fe-RXB5LWSH5Z472Q42,2710101971532977,60280
ad-PTH76WRDFF3KGX62,2023-07-22 23:51:07,CREDIT,35.86,CAD,PTH76WRDFF3KGX62,,PTH76WRDFF3KGX62,2710101971532977,60278
ad-fe-PTH76WRDFF3KGX62,2023-07-22 23:51:07,FEE,-0.1,CAD,PTH76WRDFF3KGX62,,fe-PTH76WRDFF3KGX62,2710101971532977,60278
ad-XMF92VZVDX684V62,2023-07-22 23:52:53,CREDIT,16.28,CAD,XMF92VZVDX684V62,,XMF92VZVDX684V62,2710101971532977,60281
ad-fe-XMF92VZVDX684V62,2023-07-22 23:52:53,FEE,-0.1,CAD,XMF92VZVDX684V62,,fe-XMF92VZVDX684V62,2710101971532977,60281
ad-W55X2BRQ635R4V42,2023-07-22 23:54:15,CREDIT,13.8,CAD,W55X2BRQ635R4V42,,W55X2BRQ635R4V42,2710101971532977,60283
ad-fe-W55X2BRQ635R4V42,2023-07-22 23:54:15,FEE,-0.35,CAD,W55X2BRQ635R4V42,,fe-W55X2BRQ635R4V42,2710101971532977,60283
ad-GPX72Q6MXS8J8X62,2023-07-22 23:56:36,CREDIT,11.04,CAD,GPX72Q6MXS8J8X62,,GPX72Q6MXS8J8X62,2710101971532977,60284
ad-fe-GPX72Q6MXS8J8X62,2023-07-22 23:56:36,FEE,-0.1,CAD,GPX72Q6MXS8J8X62,,fe-GPX72Q6MXS8J8X62,2710101971532977,60284
ad-NVN4MJT2R58KGX62,2023-07-22 23:58:08,CREDIT,24.84,CAD,NVN4MJT2R58KGX62,,NVN4MJT2R58KGX62,2710101971532977,60287
ad-fe-NVN4MJT2R58KGX62,2023-07-22 23:58:08,FEE,-0.55,CAD,NVN4MJT2R58KGX62,,fe-NVN4MJT2R58KGX62,2710101971532977,60287
ad-PB4S7RX3WTWCRMG2,2023-07-22 23:58:31,CREDIT,39.34,CAD,PB4S7RX3WTWCRMG2,,PB4S7RX3WTWCRMG2,2710101971532977,60286
ad-fe-PB4S7RX3WTWCRMG2,2023-07-22 23:58:31,FEE,-0.81,CAD,PB4S7RX3WTWCRMG2,,fe-PB4S7RX3WTWCRMG2,2710101971532977,60286
ad-SMW55B9D25H6SP42,2023-07-22 23:59:29,CREDIT,18.51,CAD,SMW55B9D25H6SP42,,SMW55B9D25H6SP42,2710101971532977,60288
ad-fe-SMW55B9D25H6SP42,2023-07-22 23:59:29,FEE,-0.43,CAD,SMW55B9D25H6SP42,,fe-SMW55B9D25H6SP42,2710101971532977,60288
ad-MCPH78V9KM6LHK42,2023-07-23 00:00:29,CREDIT,19.32,CAD,MCPH78V9KM6LHK42,,MCPH78V9KM6LHK42,2710101971532977,60290
ad-fe-MCPH78V9KM6LHK42,2023-07-23 00:00:29,FEE,-0.1,CAD,MCPH78V9KM6LHK42,,fe-MCPH78V9KM6LHK42,2710101971532977,60290
ad-RJQR34SDFF3KGX62,2023-07-23 00:01:11,CREDIT,14.54,CAD,RJQR34SDFF3KGX62,,RJQR34SDFF3KGX62,2710101971532977,60289
ad-fe-RJQR34SDFF3KGX62,2023-07-23 00:01:11,FEE,-0.1,CAD,RJQR34SDFF3KGX62,,fe-RJQR34SDFF3KGX62,2710101971532977,60289
ad-GFHRB52ZRBQKGX62,2023-07-23 00:03:27,CREDIT,19.32,CAD,GFHRB52ZRBQKGX62,,GFHRB52ZRBQKGX62,2710101971532977,60293
ad-fe-GFHRB52ZRBQKGX62,2023-07-23 00:03:27,FEE,-0.45,CAD,GFHRB52ZRBQKGX62,,fe-GFHRB52ZRBQKGX62,2710101971532977,60293
ad-X4GD53VH7CJNT872,2023-07-23 00:05:34,CREDIT,28.59,CAD,X4GD53VH7CJNT872,,X4GD53VH7CJNT872,2710101971532977,60294
ad-fe-X4GD53VH7CJNT872,2023-07-23 00:05:34,FEE,-0.1,CAD,X4GD53VH7CJNT872,,fe-X4GD53VH7CJNT872,2710101971532977,60294
ad-F9H7TB5XJNV2FKG2,2023-07-23 00:06:01,CREDIT,10.58,CAD,F9H7TB5XJNV2FKG2,,F9H7TB5XJNV2FKG2,2710101971532977,60296
ad-fe-F9H7TB5XJNV2FKG2,2023-07-23 00:06:01,FEE,-0.1,CAD,F9H7TB5XJNV2FKG2,,fe-F9H7TB5XJNV2FKG2,2710101971532977,60296
ad-WHCSVF52X2GDRMG2,2023-07-23 00:07:53,CREDIT,17.64,CAD,WHCSVF52X2GDRMG2,,WHCSVF52X2GDRMG2,2710101971532977,60297
ad-fe-WHCSVF52X2GDRMG2,2023-07-23 00:07:53,FEE,-0.42,CAD,WHCSVF52X2GDRMG2,,fe-WHCSVF52X2GDRMG2,2710101971532977,60297
ad-HCTD7RKWVLZSD272,2023-07-23 00:10:39,CREDIT,13.57,CAD,HCTD7RKWVLZSD272,,HCTD7RKWVLZSD272,2710101971532977,60298
ad-fe-HCTD7RKWVLZSD272,2023-07-23 00:10:39,FEE,-0.34,CAD,HCTD7RKWVLZSD272,,fe-HCTD7RKWVLZSD272,2710101971532977,60298
ad-ZPXM78BN4KXBKMG2,2023-07-23 00:12:33,CREDIT,10.58,CAD,ZPXM78BN4KXBKMG2,,ZPXM78BN4KXBKMG2,2710101971532977,60299
ad-fe-ZPXM78BN4KXBKMG2,2023-07-23 00:12:33,FEE,-0.1,CAD,ZPXM78BN4KXBKMG2,,fe-ZPXM78BN4KXBKMG2,2710101971532977,60299
ad-JHZGHMK6S5GQ4V42,2023-07-23 00:13:54,CREDIT,12.42,CAD,JHZGHMK6S5GQ4V42,,JHZGHMK6S5GQ4V42,2710101971532977,60300
ad-fe-JHZGHMK6S5GQ4V42,2023-07-23 00:13:54,FEE,-0.1,CAD,JHZGHMK6S5GQ4V42,,fe-JHZGHMK6S5GQ4V42,2710101971532977,60300
ad-LD2MCH5XJNV2FKG2,2023-07-23 00:15:16,CREDIT,11.04,CAD,LD2MCH5XJNV2FKG2,,LD2MCH5XJNV2FKG2,2710101971532977,60303
ad-fe-LD2MCH5XJNV2FKG2,2023-07-23 00:15:16,FEE,-0.1,CAD,LD2MCH5XJNV2FKG2,,fe-LD2MCH5XJNV2FKG2,2710101971532977,60303
ad-P5ZNV3QFWS7WTM42,2023-07-23 00:16:09,CREDIT,12.21,CAD,P5ZNV3QFWS7WTM42,,P5ZNV3QFWS7WTM42,2710101971532977,60304
ad-fe-P5ZNV3QFWS7WTM42,2023-07-23 00:16:09,FEE,-0.32,CAD,P5ZNV3QFWS7WTM42,,fe-P5ZNV3QFWS7WTM42,2710101971532977,60304
ad-GZSMZRH328ZLPK42,2023-07-23 00:16:49,CREDIT,17.64,CAD,GZSMZRH328ZLPK42,,GZSMZRH328ZLPK42,2710101971532977,60305
ad-fe-GZSMZRH328ZLPK42,2023-07-23 00:16:49,FEE,-0.1,CAD,GZSMZRH328ZLPK42,,fe-GZSMZRH328ZLPK42,2710101971532977,60305
ad-GJSQCMMNTJZ8BV62,2023-07-23 00:20:35,CREDIT,35.86,CAD,GJSQCMMNTJZ8BV62,,GJSQCMMNTJZ8BV62,2710101971532977,60302
ad-fe-GJSQCMMNTJZ8BV62,2023-07-23 00:20:35,FEE,-0.1,CAD,GJSQCMMNTJZ8BV62,,fe-GJSQCMMNTJZ8BV62,2710101971532977,60302
ad-V5VGS7QFWS7WTM42,2023-07-23 00:24:11,CREDIT,18.51,CAD,V5VGS7QFWS7WTM42,,V5VGS7QFWS7WTM42,2710101971532977,60309
ad-fe-V5VGS7QFWS7WTM42,2023-07-23 00:24:11,FEE,-0.43,CAD,V5VGS7QFWS7WTM42,,fe-V5VGS7QFWS7WTM42,2710101971532977,60309
ad-GXSZQ47X8Q8RBV42,2023-07-23 00:25:04,CREDIT,11.5,CAD,GXSZQ47X8Q8RBV42,,GXSZQ47X8Q8RBV42,2710101971532977,60310
ad-fe-GXSZQ47X8Q8RBV42,2023-07-23 00:25:04,FEE,-0.1,CAD,GXSZQ47X8Q8RBV42,,fe-GXSZQ47X8Q8RBV42,2710101971532977,60310
ad-R3M7LTRQ635R4V42,2023-07-23 00:26:06,CREDIT,19.32,CAD,R3M7LTRQ635R4V42,,R3M7LTRQ635R4V42,2710101971532977,60313
ad-fe-R3M7LTRQ635R4V42,2023-07-23 00:26:06,FEE,-0.45,CAD,R3M7LTRQ635R4V42,,fe-R3M7LTRQ635R4V42,2710101971532977,60313
ad-JBF956RFZ6MDP672,2023-07-23 00:28:24,CREDIT,10.85,CAD,JBF956RFZ6MDP672,,JBF956RFZ6MDP672,2710101971532977,60315
ad-fe-JBF956RFZ6MDP672,2023-07-23 00:28:24,FEE,-0.3,CAD,JBF956RFZ6MDP672,,fe-JBF956RFZ6MDP672,2710101971532977,60315
ad-P37N4S52X2GDRMG2,2023-07-23 00:28:48,CREDIT,10.58,CAD,P37N4S52X2GDRMG2,,P37N4S52X2GDRMG2,2710101971532977,60316
ad-fe-P37N4S52X2GDRMG2,2023-07-23 00:28:48,FEE,-0.29,CAD,P37N4S52X2GDRMG2,,fe-P37N4S52X2GDRMG2,2710101971532977,60316
ad-Q5F8XG44L87PT872,2023-07-23 00:29:29,CREDIT,20.35,CAD,Q5F8XG44L87PT872,,Q5F8XG44L87PT872,2710101971532977,60318
ad-fe-Q5F8XG44L87PT872,2023-07-23 00:29:29,FEE,-0.47,CAD,Q5F8XG44L87PT872,,fe-Q5F8XG44L87PT872,2710101971532977,60318
ad-QGZWMJ325J8VMM42,2023-07-23 00:29:42,CREDIT,10.85,CAD,QGZWMJ325J8VMM42,,QGZWMJ325J8VMM42,2710101971532977,60317
ad-fe-QGZWMJ325J8VMM42,2023-07-23 00:29:42,FEE,-0.1,CAD,QGZWMJ325J8VMM42,,fe-QGZWMJ325J8VMM42,2710101971532977,60317
ad-KMRHMJSCCZT3MKG2,2023-07-23 00:30:29,CREDIT,11.9,CAD,KMRHMJSCCZT3MKG2,,KMRHMJSCCZT3MKG2,2710101971532977,60320
ad-fe-KMRHMJSCCZT3MKG2,2023-07-23 00:30:29,FEE,-0.31,CAD,KMRHMJSCCZT3MKG2,,fe-KMRHMJSCCZT3MKG2,2710101971532977,60320
ad-ZXM76K2WDX684V62,2023-07-23 00:32:06,CREDIT,17.19,CAD,ZXM76K2WDX684V62,,ZXM76K2WDX684V62,2710101971532977,60321
ad-fe-ZXM76K2WDX684V62,2023-07-23 00:32:06,FEE,-0.1,CAD,ZXM76K2WDX684V62,,fe-ZXM76K2WDX684V62,2710101971532977,60321
ad-G5642LKPCX5MPK42,2023-07-23 00:33:10,CREDIT,21.71,CAD,G5642LKPCX5MPK42,,G5642LKPCX5MPK42,2710101971532977,60319
ad-fe-G5642LKPCX5MPK42,2023-07-23 00:33:10,FEE,-0.49,CAD,G5642LKPCX5MPK42,,fe-G5642LKPCX5MPK42,2710101971532977,60319
ad-D9T44WVCXZPWTM42,2023-07-23 00:34:46,CREDIT,33.91,CAD,D9T44WVCXZPWTM42,,D9T44WVCXZPWTM42,2710101971532977,60323
ad-fe-D9T44WVCXZPWTM42,2023-07-23 00:34:46,FEE,-0.71,CAD,D9T44WVCXZPWTM42,,fe-D9T44WVCXZPWTM42,2710101971532977,60323
ad-S2ZCTVCJWKK3FKG2,2023-07-23 00:38:31,CREDIT,34.37,CAD,S2ZCTVCJWKK3FKG2,,S2ZCTVCJWKK3FKG2,2710101971532977,60324
ad-fe-S2ZCTVCJWKK3FKG2,2023-07-23 00:38:31,FEE,-0.72,CAD,S2ZCTVCJWKK3FKG2,,fe-S2ZCTVCJWKK3FKG2,2710101971532977,60324
ad-N6MDTPBN4KXBKMG2,2023-07-23 00:40:29,CREDIT,20.42,CAD,N6MDTPBN4KXBKMG2,,N6MDTPBN4KXBKMG2,2710101971532977,60326
ad-fe-N6MDTPBN4KXBKMG2,2023-07-23 00:40:29,FEE,-0.1,CAD,N6MDTPBN4KXBKMG2,,fe-N6MDTPBN4KXBKMG2,2710101971532977,60326
ad-WMXPPPKPCX5MPK42,2023-07-23 00:40:45,CREDIT,10.58,CAD,WMXPPPKPCX5MPK42,,WMXPPPKPCX5MPK42,2710101971532977,60322
ad-fe-WMXPPPKPCX5MPK42,2023-07-23 00:40:45,FEE,-0.29,CAD,WMXPPPKPCX5MPK42,,fe-WMXPPPKPCX5MPK42,2710101971532977,60322
ad-BZGMJ9DBG95CKMG2,2023-07-23 00:43:52,CREDIT,27.14,CAD,BZGMJ9DBG95CKMG2,,BZGMJ9DBG95CKMG2,2710101971532977,60327
ad-fe-BZGMJ9DBG95CKMG2,2023-07-23 00:43:52,FEE,-0.59,CAD,BZGMJ9DBG95CKMG2,,fe-BZGMJ9DBG95CKMG2,2710101971532977,60327
ad-P2MZP5K34LD4K472,2023-07-23 00:44:25,CREDIT,21.71,CAD,P2MZP5K34LD4K472,,P2MZP5K34LD4K472,2710101971532977,60330
ad-fe-P2MZP5K34LD4K472,2023-07-23 00:44:25,FEE,-0.1,CAD,P2MZP5K34LD4K472,,fe-P2MZP5K34LD4K472,2710101971532977,60330
ad-HT8ZML8QNDB6SP42,2023-07-23 00:45:43,CREDIT,17.19,CAD,HT8ZML8QNDB6SP42,,HT8ZML8QNDB6SP42,2710101971532977,60329
ad-fe-HT8ZML8QNDB6SP42,2023-07-23 00:45:43,FEE,-0.1,CAD,HT8ZML8QNDB6SP42,,fe-HT8ZML8QNDB6SP42,2710101971532977,60329
ad-WR63Q4PRK43WTM42,2023-07-23 00:46:37,CREDIT,13.22,CAD,WR63Q4PRK43WTM42,,WR63Q4PRK43WTM42,2710101971532977,60332
ad-fe-WR63Q4PRK43WTM42,2023-07-23 00:46:37,FEE,-0.1,CAD,WR63Q4PRK43WTM42,,fe-WR63Q4PRK43WTM42,2710101971532977,60332
ad-DFMC65PRK43WTM42,2023-07-23 00:47:31,CREDIT,9.49,CAD,DFMC65PRK43WTM42,,DFMC65PRK43WTM42,2710101971532977,60333
ad-fe-DFMC65PRK43WTM42,2023-07-23 00:47:31,FEE,-0.1,CAD,DFMC65PRK43WTM42,,fe-DFMC65PRK43WTM42,2710101971532977,60333
ad-RP8FCMF7CQWJ8X62,2023-07-23 00:48:12,CREDIT,27.6,CAD,RP8FCMF7CQWJ8X62,,RP8FCMF7CQWJ8X62,2710101971532977,60334
ad-fe-RP8FCMF7CQWJ8X62,2023-07-23 00:48:12,FEE,-0.6,CAD,RP8FCMF7CQWJ8X62,,fe-RP8FCMF7CQWJ8X62,2710101971532977,60334
ad-CF44FNGB3BZ6SP42,2023-07-23 00:49:01,CREDIT,19.32,CAD,CF44FNGB3BZ6SP42,,CF44FNGB3BZ6SP42,2710101971532977,60336
ad-fe-CF44FNGB3BZ6SP42,2023-07-23 00:49:01,FEE,-0.45,CAD,CF44FNGB3BZ6SP42,,fe-CF44FNGB3BZ6SP42,2710101971532977,60336
ad-XRGNXHLWVLZSD272,2023-07-23 00:53:11,CREDIT,13.57,CAD,XRGNXHLWVLZSD272,,XRGNXHLWVLZSD272,2710101971532977,60338
ad-fe-XRGNXHLWVLZSD272,2023-07-23 00:53:11,FEE,-0.34,CAD,XRGNXHLWVLZSD272,,fe-XRGNXHLWVLZSD272,2710101971532977,60338
ad-J2NZZNFJMMWRBV42,2023-07-23 00:58:04,CREDIT,13.8,CAD,J2NZZNFJMMWRBV42,,J2NZZNFJMMWRBV42,2710101971532977,60339
ad-fe-J2NZZNFJMMWRBV42,2023-07-23 00:58:04,FEE,-0.35,CAD,J2NZZNFJMMWRBV42,,fe-J2NZZNFJMMWRBV42,2710101971532977,60339
ad-J2MCV6TDFF3KGX62,2023-07-23 01:04:18,CREDIT,13.57,CAD,J2MCV6TDFF3KGX62,,J2MCV6TDFF3KGX62,2710101971532977,60345
ad-fe-J2MCV6TDFF3KGX62,2023-07-23 01:04:18,FEE,-0.1,CAD,J2MCV6TDFF3KGX62,,fe-J2MCV6TDFF3KGX62,2710101971532977,60345
ad-SS982GBD25H6SP42,2023-07-23 01:04:50,CREDIT,11.9,CAD,SS982GBD25H6SP42,,SS982GBD25H6SP42,2710101971532977,60346
ad-fe-SS982GBD25H6SP42,2023-07-23 01:04:50,FEE,-0.31,CAD,SS982GBD25H6SP42,,fe-SS982GBD25H6SP42,2710101971532977,60346
ad-W9LZ8G99BKFJ8X62,2023-07-23 01:06:41,CREDIT,6.61,CAD,W9LZ8G99BKFJ8X62,,W9LZ8G99BKFJ8X62,2710101971532977,60347
ad-fe-W9LZ8G99BKFJ8X62,2023-07-23 01:06:41,FEE,-0.22,CAD,W9LZ8G99BKFJ8X62,,fe-W9LZ8G99BKFJ8X62,2710101971532977,60347
ad-MKJP5CQRMGGDP672,2023-07-23 01:07:26,CREDIT,9.49,CAD,MKJP5CQRMGGDP672,,MKJP5CQRMGGDP672,2710101971532977,60348
ad-fe-MKJP5CQRMGGDP672,2023-07-23 01:07:26,FEE,-0.1,CAD,MKJP5CQRMGGDP672,,fe-MKJP5CQRMGGDP672,2710101971532977,60348
ad-BPD2SNRPZ8P3MKG2,2023-07-23 01:07:46,CREDIT,21.16,CAD,BPD2SNRPZ8P3MKG2,,BPD2SNRPZ8P3MKG2,2710101971532977,60344
ad-fe-BPD2SNRPZ8P3MKG2,2023-07-23 01:07:46,FEE,-0.1,CAD,BPD2SNRPZ8P3MKG2,,fe-BPD2SNRPZ8P3MKG2,2710101971532977,60344
ad-G7VHB3RFWS7WTM42,2023-07-23 01:12:20,CREDIT,12.21,CAD,G7VHB3RFWS7WTM42,,G7VHB3RFWS7WTM42,2710101971532977,60352
ad-fe-G7VHB3RFWS7WTM42,2023-07-23 01:12:20,FEE,-0.32,CAD,G7VHB3RFWS7WTM42,,fe-G7VHB3RFWS7WTM42,2710101971532977,60352
ad-DBXD3NL6S5GQ4V42,2023-07-23 01:12:26,CREDIT,32.55,CAD,DBXD3NL6S5GQ4V42,,DBXD3NL6S5GQ4V42,2710101971532977,60353
ad-fe-DBXD3NL6S5GQ4V42,2023-07-23 01:12:26,FEE,-0.1,CAD,DBXD3NL6S5GQ4V42,,fe-DBXD3NL6S5GQ4V42,2710101971532977,60353
ad-PWFJ8JW9KM6LHK42,2023-07-23 01:14:19,CREDIT,12.42,CAD,PWFJ8JW9KM6LHK42,,PWFJ8JW9KM6LHK42,2710101971532977,60354
ad-fe-PWFJ8JW9KM6LHK42,2023-07-23 01:14:19,FEE,-0.1,CAD,PWFJ8JW9KM6LHK42,,fe-PWFJ8JW9KM6LHK42,2710101971532977,60354
ad-J6HMD38LVD33FKG2,2023-07-23 01:16:44,CREDIT,9.25,CAD,J6HMD38LVD33FKG2,,J6HMD38LVD33FKG2,2710101971532977,60359
ad-fe-J6HMD38LVD33FKG2,2023-07-23 01:16:44,FEE,-0.27,CAD,J6HMD38LVD33FKG2,,fe-J6HMD38LVD33FKG2,2710101971532977,60359
ad-BMQPCSX5K3PNT872,2023-07-23 01:17:40,CREDIT,10.58,CAD,BMQPCSX5K3PNT872,,BMQPCSX5K3PNT872,2710101971532977,60361
ad-fe-BMQPCSX5K3PNT872,2023-07-23 01:17:40,FEE,-0.29,CAD,BMQPCSX5K3PNT872,,fe-BMQPCSX5K3PNT872,2710101971532977,60361
ad-PPCJ2CWH7CJNT872,2023-07-23 01:19:07,CREDIT,19.83,CAD,PPCJ2CWH7CJNT872,,PPCJ2CWH7CJNT872,2710101971532977,60364
ad-fe-PPCJ2CWH7CJNT872,2023-07-23 01:19:07,FEE,-0.1,CAD,PPCJ2CWH7CJNT872,,fe-PPCJ2CWH7CJNT872,2710101971532977,60364
ad-JV6MHPWCXZPWTM42,2023-07-23 01:20:41,CREDIT,22.08,CAD,JV6MHPWCXZPWTM42,,JV6MHPWCXZPWTM42,2710101971532977,60363
ad-fe-JV6MHPWCXZPWTM42,2023-07-23 01:20:41,FEE,-0.5,CAD,JV6MHPWCXZPWTM42,,fe-JV6MHPWCXZPWTM42,2710101971532977,60363
ad-GKJL3GLPCX5MPK42,2023-07-23 01:22:27,CREDIT,11.04,CAD,GKJL3GLPCX5MPK42,,GKJL3GLPCX5MPK42,2710101971532977,60366
ad-fe-GKJL3GLPCX5MPK42,2023-07-23 01:22:27,FEE,-0.3,CAD,GKJL3GLPCX5MPK42,,fe-GKJL3GLPCX5MPK42,2710101971532977,60366
ad-KZJ6JHBLHFWVMM42,2023-07-23 01:24:27,CREDIT,13.22,CAD,KZJ6JHBLHFWVMM42,,KZJ6JHBLHFWVMM42,2710101971532977,60368
ad-fe-KZJ6JHBLHFWVMM42,2023-07-23 01:24:27,FEE,-0.34,CAD,KZJ6JHBLHFWVMM42,,fe-KZJ6JHBLHFWVMM42,2710101971532977,60368
ad-VWNZQHCN4KXBKMG2,2023-07-23 01:25:23,CREDIT,11.04,CAD,VWNZQHCN4KXBKMG2,,VWNZQHCN4KXBKMG2,2710101971532977,60370
ad-fe-VWNZQHCN4KXBKMG2,2023-07-23 01:25:23,FEE,-0.1,CAD,VWNZQHCN4KXBKMG2,,fe-VWNZQHCN4KXBKMG2,2710101971532977,60370
ad-WXTP6K425J8VMM42,2023-07-23 01:28:09,CREDIT,12.2,CAD,WXTP6K425J8VMM42,,WXTP6K425J8VMM42,2710101971532977,60372
ad-fe-WXTP6K425J8VMM42,2023-07-23 01:28:09,FEE,-0.1,CAD,WXTP6K425J8VMM42,,fe-WXTP6K425J8VMM42,2710101971532977,60372
ad-SR2J588X8Q8RBV42,2023-07-23 01:29:21,CREDIT,23.8,CAD,SR2J588X8Q8RBV42,,SR2J588X8Q8RBV42,2710101971532977,60374
ad-fe-SR2J588X8Q8RBV42,2023-07-23 01:29:21,FEE,-0.1,CAD,SR2J588X8Q8RBV42,,fe-SR2J588X8Q8RBV42,2710101971532977,60374
ad-LCTDXCRFWS7WTM42,2023-07-23 01:30:02,CREDIT,18.51,CAD,LCTDXCRFWS7WTM42,,LCTDXCRFWS7WTM42,2710101971532977,60373
ad-fe-LCTDXCRFWS7WTM42,2023-07-23 01:30:02,FEE,-0.43,CAD,LCTDXCRFWS7WTM42,,fe-LCTDXCRFWS7WTM42,2710101971532977,60373
ad-B5L8HTNNTJZ8BV62,2023-07-23 01:30:30,CREDIT,6.61,CAD,B5L8HTNNTJZ8BV62,,B5L8HTNNTJZ8BV62,2710101971532977,60375
ad-fe-B5L8HTNNTJZ8BV62,2023-07-23 01:30:30,FEE,-0.1,CAD,B5L8HTNNTJZ8BV62,,fe-B5L8HTNNTJZ8BV62,2710101971532977,60375
ad-ZNJ4SQQRMGGDP672,2023-07-23 01:31:19,CREDIT,13.22,CAD,ZNJ4SQQRMGGDP672,,ZNJ4SQQRMGGDP672,2710101971532977,60376
ad-fe-ZNJ4SQQRMGGDP672,2023-07-23 01:31:19,FEE,-0.1,CAD,ZNJ4SQQRMGGDP672,,fe-ZNJ4SQQRMGGDP672,2710101971532977,60376
ad-PFJGXTNNTJZ8BV62,2023-07-23 01:31:28,CREDIT,22.08,CAD,PFJGXTNNTJZ8BV62,,PFJGXTNNTJZ8BV62,2710101971532977,60377
ad-fe-PFJGXTNNTJZ8BV62,2023-07-23 01:31:28,FEE,-0.1,CAD,PFJGXTNNTJZ8BV62,,fe-PFJGXTNNTJZ8BV62,2710101971532977,60377
ad-GH5JNWNNTJZ8BV62,2023-07-23 01:34:59,CREDIT,24,CAD,GH5JNWNNTJZ8BV62,,GH5JNWNNTJZ8BV62,2710101971532977,60380
ad-fe-GH5JNWNNTJZ8BV62,2023-07-23 01:34:59,FEE,-0.1,CAD,GH5JNWNNTJZ8BV62,,fe-GH5JNWNNTJZ8BV62,2710101971532977,60380
ad-SBV5T6SPZ8P3MKG2,2023-07-23 01:36:32,CREDIT,12.42,CAD,SBV5T6SPZ8P3MKG2,,SBV5T6SPZ8P3MKG2,2710101971532977,60381
ad-fe-SBV5T6SPZ8P3MKG2,2023-07-23 01:36:32,FEE,-0.1,CAD,SBV5T6SPZ8P3MKG2,,fe-SBV5T6SPZ8P3MKG2,2710101971532977,60381
ad-W5NZ3K9QNDB6SP42,2023-07-23 01:39:52,CREDIT,14.54,CAD,W5NZ3K9QNDB6SP42,,W5NZ3K9QNDB6SP42,2710101971532977,60383
ad-fe-W5NZ3K9QNDB6SP42,2023-07-23 01:39:52,FEE,-0.1,CAD,W5NZ3K9QNDB6SP42,,fe-W5NZ3K9QNDB6SP42,2710101971532977,60383
ad-NX4RKTTDFF3KGX62,2023-07-23 01:42:36,CREDIT,12.21,CAD,NX4RKTTDFF3KGX62,,NX4RKTTDFF3KGX62,2710101971532977,60386
ad-fe-NX4RKTTDFF3KGX62,2023-07-23 01:42:36,FEE,-0.1,CAD,NX4RKTTDFF3KGX62,,fe-NX4RKTTDFF3KGX62,2710101971532977,60386
ad-M9HKGLG7CQWJ8X62,2023-07-23 01:43:45,CREDIT,9.66,CAD,M9HKGLG7CQWJ8X62,,M9HKGLG7CQWJ8X62,2710101971532977,60385
ad-fe-M9HKGLG7CQWJ8X62,2023-07-23 01:43:45,FEE,-0.27,CAD,M9HKGLG7CQWJ8X62,,fe-M9HKGLG7CQWJ8X62,2710101971532977,60385
ad-ZGQHP64WDX684V62,2023-07-23 02:05:25,CREDIT,17.19,CAD,ZGQHP64WDX684V62,,ZGQHP64WDX684V62,2710101971532977,60391
ad-fe-ZGQHP64WDX684V62,2023-07-23 02:05:25,FEE,-0.1,CAD,ZGQHP64WDX684V62,,fe-ZGQHP64WDX684V62,2710101971532977,60391
ad-RCG2GSX5HP972Q42,2023-07-23 02:07:32,CREDIT,37.24,CAD,RCG2GSX5HP972Q42,,RCG2GSX5HP972Q42,2710101971532977,60393
ad-fe-RCG2GSX5HP972Q42,2023-07-23 02:07:32,FEE,-0.77,CAD,RCG2GSX5HP972Q42,,fe-RCG2GSX5HP972Q42,2710101971532977,60393
ad-ZQ7BJ9JFNHSLPK42,2023-07-23 02:10:39,CREDIT,12.42,CAD,ZQ7BJ9JFNHSLPK42,,ZQ7BJ9JFNHSLPK42,2710101971532977,60395
ad-fe-ZQ7BJ9JFNHSLPK42,2023-07-23 02:10:39,FEE,-0.53,CAD,ZQ7BJ9JFNHSLPK42,,fe-ZQ7BJ9JFNHSLPK42,2710101971532977,60395
ad-XJGRP4BQNDB6SP42,2023-07-23 02:11:54,CREDIT,20.1,CAD,XJGRP4BQNDB6SP42,,XJGRP4BQNDB6SP42,2710101971532977,60396
ad-fe-XJGRP4BQNDB6SP42,2023-07-23 02:11:54,FEE,-0.1,CAD,XJGRP4BQNDB6SP42,,fe-XJGRP4BQNDB6SP42,2710101971532977,60396
ad-CXCFHQL34LD4K472,2023-07-23 02:16:08,CREDIT,11.04,CAD,CXCFHQL34LD4K472,,CXCFHQL34LD4K472,2710101971532977,60397
ad-fe-CXCFHQL34LD4K472,2023-07-23 02:16:08,FEE,-0.1,CAD,CXCFHQL34LD4K472,,fe-CXCFHQL34LD4K472,2710101971532977,60397
ad-ZZN5C6RB7969BV62,2023-07-23 02:17:15,CREDIT,6.61,CAD,ZZN5C6RB7969BV62,,ZZN5C6RB7969BV62,2710101971532977,60398
ad-fe-ZZN5C6RB7969BV62,2023-07-23 02:17:15,FEE,-0.22,CAD,ZZN5C6RB7969BV62,,fe-ZZN5C6RB7969BV62,2710101971532977,60398
ad-ZD3TVD4WDX684V62,2023-07-23 02:18:06,CREDIT,10.85,CAD,ZD3TVD4WDX684V62,,ZD3TVD4WDX684V62,2710101971532977,60400
ad-fe-ZD3TVD4WDX684V62,2023-07-23 02:18:06,FEE,-0.1,CAD,ZD3TVD4WDX684V62,,fe-ZD3TVD4WDX684V62,2710101971532977,60400
ad-Z7T9LQCD25H6SP42,2023-07-23 02:19:46,CREDIT,3.96,CAD,Z7T9LQCD25H6SP42,,Z7T9LQCD25H6SP42,2710101971532977,60401
ad-fe-Z7T9LQCD25H6SP42,2023-07-23 02:19:46,FEE,-0.17,CAD,Z7T9LQCD25H6SP42,,fe-Z7T9LQCD25H6SP42,2710101971532977,60401
ad-S99ZJ2N6S5GQ4V42,2023-07-23 02:31:17,CREDIT,86.91,CAD,S99ZJ2N6S5GQ4V42,,S99ZJ2N6S5GQ4V42,2710101971532977,60405
ad-fe-S99ZJ2N6S5GQ4V42,2023-07-23 02:31:17,FEE,-0.1,CAD,S99ZJ2N6S5GQ4V42,,fe-S99ZJ2N6S5GQ4V42,2710101971532977,60405
ad-XJ6P6D9X8Q8RBV42,2023-07-23 02:35:00,CREDIT,9.49,CAD,XJ6P6D9X8Q8RBV42,,XJ6P6D9X8Q8RBV42,2710101971532977,60407
ad-fe-XJ6P6D9X8Q8RBV42,2023-07-23 02:35:00,FEE,-0.1,CAD,XJ6P6D9X8Q8RBV42,,fe-XJ6P6D9X8Q8RBV42,2710101971532977,60407
ad-X7F33DTFZ6MDP672,2023-07-23 02:35:16,CREDIT,27.14,CAD,X7F33DTFZ6MDP672,,X7F33DTFZ6MDP672,2710101971532977,60277
ad-fe-X7F33DTFZ6MDP672,2023-07-23 02:35:16,FEE,-0.59,CAD,X7F33DTFZ6MDP672,,fe-X7F33DTFZ6MDP672,2710101971532977,60277
ad-TJHQML34WTWCRMG2,2023-07-23 02:41:15,CREDIT,135.67,CAD,TJHQML34WTWCRMG2,,TJHQML34WTWCRMG2,2710101971532977,60231
ad-fe-TJHQML34WTWCRMG2,2023-07-23 02:41:15,FEE,-2.54,CAD,TJHQML34WTWCRMG2,,fe-TJHQML34WTWCRMG2,2710101971532977,60231
ad-F37J3LHJMMWRBV42,2023-07-23 02:46:46,CREDIT,55.53,CAD,F37J3LHJMMWRBV42,,F37J3LHJMMWRBV42,2710101971532977,60243
ad-fe-F37J3LHJMMWRBV42,2023-07-23 02:46:46,FEE,-1.1,CAD,F37J3LHJMMWRBV42,,fe-F37J3LHJMMWRBV42,2710101971532977,60243
ad-M4G5XSPS5VLQ4V42,2023-07-23 02:48:25,CREDIT,29.08,CAD,M4G5XSPS5VLQ4V42,,M4G5XSPS5VLQ4V42,2710101971532977,60410
ad-fe-M4G5XSPS5VLQ4V42,2023-07-23 02:48:25,FEE,-0.62,CAD,M4G5XSPS5VLQ4V42,,fe-M4G5XSPS5VLQ4V42,2710101971532977,60410
ad-CDD97N3BD6D4MKG2,2023-07-23 03:00:59,CREDIT,18.51,CAD,CDD97N3BD6D4MKG2,,CDD97N3BD6D4MKG2,2710101971532977,60414
ad-fe-CDD97N3BD6D4MKG2,2023-07-23 03:00:59,FEE,-0.43,CAD,CDD97N3BD6D4MKG2,,fe-CDD97N3BD6D4MKG2,2710101971532977,60414
ad-TFDHXWHJMMWRBV42,2023-07-23 03:07:02,CREDIT,31.5,CAD,TFDHXWHJMMWRBV42,,TFDHXWHJMMWRBV42,2710101971532977,60362
ad-fe-TFDHXWHJMMWRBV42,2023-07-23 03:07:02,FEE,-0.67,CAD,TFDHXWHJMMWRBV42,,fe-TFDHXWHJMMWRBV42,2710101971532977,60362
ad-B24KLMSRMGGDP672,2023-07-23 03:19:30,CREDIT,18.51,CAD,B24KLMSRMGGDP672,,B24KLMSRMGGDP672,2710101971532977,60419
ad-fe-B24KLMSRMGGDP672,2023-07-23 03:19:30,FEE,-0.1,CAD,B24KLMSRMGGDP672,,fe-B24KLMSRMGGDP672,2710101971532977,60419
ad-LH4Z44PWVLZSD272,2023-07-23 03:21:01,CREDIT,33.1,CAD,LH4Z44PWVLZSD272,,LH4Z44PWVLZSD272,2710101971532977,60223
ad-fe-LH4Z44PWVLZSD272,2023-07-23 03:21:01,FEE,-0.7,CAD,LH4Z44PWVLZSD272,,fe-LH4Z44PWVLZSD272,2710101971532977,60223
ad-T3CPQXTMGH35K472,2023-07-23 03:26:02,CREDIT,74.04,CAD,T3CPQXTMGH35K472,,T3CPQXTMGH35K472,2710101971532977,60421
ad-fe-T3CPQXTMGH35K472,2023-07-23 03:26:02,FEE,-1.43,CAD,T3CPQXTMGH35K472,,fe-T3CPQXTMGH35K472,2710101971532977,60421